time,concentration
0.0,0.0
5.402701350675338,1.47381083678782e-29
10.805402701350676,5.264467310733043e-28
16.208104052026016,9.378434468552937e-27
21.610805402701352,1.112622514769299e-25
27.01350675337669,9.903867692651486e-25
32.41620810405203,7.065983540889286e-24
37.81890945472737,4.215132970557048e-23
43.221610805402705,2.165545069808468e-22
48.62431215607804,9.794466008613344e-22
54.02701350675338,3.96683574871807e-21
59.42971485742872,1.4583718105283532e-20
64.83241620810406,4.92144635620803e-20
70.2351175587794,1.5387014763766943e-19
75.63781890945474,4.492301675598903e-19
81.04052026013007,1.2329923391696181e-18
86.44322161080541,3.200039266870585e-18
91.84592296148075,7.893211723329413e-18
97.24862431215608,1.8585915034369957e-17
102.65132566283143,4.1941631077634015e-17
108.05402701350675,9.102127065727612e-17
113.4567283641821,1.905527859022945e-16
118.85942971485744,3.858848761650181e-16
124.26213106553277,7.577766200354713e-16
129.66483241620813,1.446199972427379e-15
135.06753376688346,2.6877399525881124e-15
140.4702351175588,4.873071806395396e-15
145.87293646823412,8.633495921749795e-15
151.27563781890947,1.4968757037453157e-14
156.6783391695848,2.5432517852478233e-14
162.08104052026013,4.239706734035557e-14
167.4837418709355,6.942530340170684e-14
172.88644322161082,1.1178593191390571e-13
178.28914457228615,1.7715737242300097e-13
183.6918459229615,2.7657726272881293e-13
189.09454727363683,4.2570792013113477e-13
194.49724862431216,6.465038533016805e-13
199.89994997498752,9.693856258102639e-13
205.30265132566285,1.436045238808932e-12
210.70535267633818,2.1030318984038997e-12
216.1080540270135,3.0462937138033956e-12
221.51075537768887,4.366880660607057e-12
226.9134567283642,6.198047134577417e-12
232.31615807903952,8.714028675584676e-12
237.71885942971488,1.2140806981841878e-11
243.1215607803902,1.6769220142589956e-11
248.52426213106554,2.2970821030816363e-11
253.9269634817409,3.1216935908400234e-11
259.32966483241626,4.2101427349183424e-11
264.7323661830916,5.6367720378075084e-11
270.1350675337669,7.494070800598298e-11
275.53776888444224,9.8964211813889e-11
280.9404702351176,1.2984473456219e-10
286.3431715857929,1.6930230458782777e-10
291.74587293646823,2.1942927557575042e-10
297.1485742871436,2.8275800969002476e-10
302.55127563781895,3.6233843652770557e-10
307.9539769884943,4.618265443911466e-10
313.3566783391696,5.855849234140217e-10
318.75937968984493,7.387965415567186e-10
324.16208104052026,9.275929938288969e-10
329.56478239119565,1.1591985217144494e-09
334.967483741871,1.4420911530791208e-09
340.3701850925463,1.7861823622498747e-09
345.77288644322164,2.2030166948945477e-09
351.17558779389697,2.7059928422422264e-09
356.5782891445723,3.310607683532958e-09
361.9809904952476,4.034724843859254e-09
367.383691845923,4.898869336282853e-09
372.78639319659834,5.926549871835282e-09
378.18909454727367,7.144610428337235e-09
383.591795897949,8.583612668540819e-09
388.9944972486243,1.0278250789598743e-08
394.39719859929966,1.2267800369033943e-08
399.79989994997504,1.4596602747013117e-08
405.2026013006504,1.7314586450662953e-08
410.6053026513257,2.047782712330989e-08
416.00800400200103,2.4149147369829296e-08
421.41070535267636,2.8398757868773276e-08
426.8134067033517,3.330494103267651e-08
432.216108054027,3.895477842004505e-08
437.6188094047024,4.544492301619312e-08
443.02151075537773,5.288241740554338e-08
448.42421210605306,6.138555875553207e-08
453.8269134567284,7.10848114221966e-08
459.2296148074037,8.212376787025211e-08
464.63231615807905,9.46601584764074e-08
470.03501750875444,1.0886691065429858e-07
475.43771885942976,1.249332576032287e-07
480.8404202101051,1.430658968414324e-07
486.2431215607804,1.634901985384003e-07
491.64582291145575,1.8645146351048568e-07
497.0485242621311,2.1221623059019915e-07
502.45122561280647,2.4107363292288816e-07
507.8539269634818,2.7333680258556206e-07
513.2566283141571,3.093443227620981e-07
518.6593296648325,3.4946172654761423e-07
524.0620310155078,3.940830412930887e-07
529.4647323661832,4.436323772399905e-07
534.8674337168585,4.985655590344286e-07
540.2701350675338,5.593717985517671e-07
545.6728364182092,6.265754073064199e-07
551.0755377688845,7.007375465682644e-07
556.4782391195598,7.824580131573753e-07
561.8809404702351,8.723770587431772e-07
567.2836418209105,9.711772403331966e-07
572.6863431715858,1.0795852995008609e-06
578.0890445222611,1.1983740677718229e-06
583.4917458729365,1.328364395464416e-06
588.8944472236119,1.470427101162701e-06
594.2971485742872,1.6254849388903154e-06
599.6998499249626,1.7945145799506384e-06
605.1025512756379,1.9785486063036305e-06
610.5052526263132,2.1786775122627998e-06
615.9079539769886,2.3960517112169286e-06
621.3106553276639,2.631883544011063e-06
626.7133566783392,2.887449285559776e-06
632.1160580290145,3.1640911462130527e-06
637.5187593796899,3.4632192643516467e-06
642.9214607303652,3.7863136866540254e-06
648.3241620810405,4.134926332451807e-06
653.7268634317159,4.510682938574055e-06
659.1295647823913,4.915284981073828e-06
664.5322661330666,5.350511570232035e-06
669.934967483742,5.81822131524467e-06
675.3376688344173,6.320354155018992e-06
680.7403701850926,6.858933151532834e-06
686.143071535768,7.436066242247942e-06
691.5457728864433,8.053947948113696e-06
696.9484742371186,8.714861033750938e-06
702.3511755877939,9.42117811646685e-06
707.7538769384693,1.0175363220820833e-05
713.1565782891446,1.0979973275537588e-05
718.5592796398199,1.1837659549646679e-05
723.9619809904952,1.2751169024818265e-05
729.3646823411707,1.3723345700960472e-05
734.767383691846,1.4757131832247055e-05
740.1700850425214,1.5855569090851185e-05
745.5727863931967,1.7021799655775704e-05
750.975487743872,1.825906722428737e-05
756.3781890945473,1.9570717943586926e-05
761.7808904452227,2.0960201260472385e-05
767.183591795898,2.2431070686885825e-05
772.5862931465733,2.398698447936603e-05
777.9889944972487,2.563170623056944e-05
783.391695847924,2.7369105371158964e-05
788.7943971985993,2.9203157580505646e-05
794.1970985492746,3.113794510478927e-05
799.5997998999501,3.317765698123282e-05
805.0025012506254,3.532658916734958e-05
810.4052026013007,3.758914457423214e-05
815.8079039519761,3.9969833003057994e-05
821.2106053026514,4.247327098413728e-05
826.6133066533267,4.51041815179732e-05
832.0160080040021,4.78673937179559e-05
837.4187093546774,5.0767842354454564e-05
842.8214107053527,5.381056730021935e-05
848.224112056028,5.7000712877147466e-05
853.6268134067034,6.0343527104610354e-05
859.0295147573787,6.384436084967834e-05
864.432216108054,6.750866687971659e-05
869.8349174587295,7.134199881796237e-05
875.2376188094048,7.535001000282345e-05
880.6403201600801,7.953845225177048e-05
886.0430215107555,8.391317453081727e-05
891.4457228614308,8.84801215307114e-05
896.8484242121061,9.324533215107083e-05
902.2511255627815,9.821493789382302e-05
907.6538269134568,0.00010339516116740957
913.0565282641321,0.00010879231350333192
918.4592296148074,0.0001144127936867123
923.8619309654828,0.00012026308580264762
929.2646323161581,0.00012634975720022518
934.6673336668335,0.00013267945637616293
940.0700350175089,0.00013925891078012044
945.4727363681842,0.0001460949245438091
950.8754377188595,0.00015319437613610837
956.2781390695349,0.0001605642159464649
961.6808404202102,0.0001682114637989209
967.0835417708855,0.00017614320639918
972.4862431215608,0.00018436659471717933
977.8889444722362,0.00019288884130768633
983.2916458229115,0.00020171721757149415
988.6943471735868,0.00021085905095982748
994.0970485242622,0.0002203217221246155
999.4997498749375,0.0002301126620173236
1004.9024512256129,0.0002402393489390621
1010.3051525762883,0.000250709305544728
1015.7078539269636,0.00026153009580393905
1021.1105552776389,0.00027270932192156595
1026.5132566283141,0.00028425462122064584
1031.9159579789896,0.0002961736629905136
1037.318659329665,0.0003084741453029458
1042.7213606803402,0.0003211637917991624
1048.1240620310157,0.0003342503484504842
1053.526763381691,0.0003477415802954808
1058.9294647323663,0.00036164526815639304
1064.3321660830416,0.0003759692053376449
1069.734867433717,0.00039072119430920015
1075.1375687843922,0.0004059090433775396
1080.5402701350677,0.00042154056334698097
1085.9429714857429,0.00043762356417406087
1091.3456728364183,0.0004541658516176535
1096.7483741870935,0.00047117522388748413
1102.151075537769,0.000488659468293647
1107.5537768884444,0.0005066263578997174
1112.9564782391196,0.0005250836481819915
1118.359179589795,0.0005440390736973649
1123.7618809404703,0.0005635003447623013
1129.1645822911457,0.0005834751441453087
1134.567283641821,0.0006039711237752895
1139.9699849924964,0.0006249959014680852
1145.3726863431716,0.0006465570576734727
1150.775387693847,0.0006686621322448487
1156.1780890445223,0.0006913186212337358
1161.5807903951977,0.0007145339737112514
1166.983491745873,0.0007383155886185542
1172.3861930965484,0.0007626708116483014
1177.7888944472238,0.0007876069321590146
1183.191595797899,0.0008131311801242679
1188.5942971485745,0.0008392507231184843
1193.9969984992497,0.0008659726633411251
1199.3996998499251,0.0008933040346809436
1204.8024012006003,0.0009212517998219636
1210.2051025512758,0.0009498228473927286
1215.607803901951,0.0009790239891603605
1221.0105052526264,0.00100886195727085
1226.4132066033017,0.0010393434015369884
1231.815907953977,0.0010704748867752436
1237.2186093046523,0.001102262890192862
1242.6213106553278,0.0011347137988263702
1248.0240120060032,0.001167833907032647
1253.4267133566784,0.0012016294140335955
1258.8294147073539,0.0012361064215154868
1264.232116058029,0.0012712709312838533
1269.6348174087045,0.0013071288429749148
1275.0375187593797,0.001343685951824259
1280.4402201100552,0.0013809479464936749
1285.8429214607304,0.0014189204069567102
1291.2456228114058,0.0014576088024437638
1296.648324162081,0.0014970184894471342
1302.0510255127565,0.001537154709786765
1307.4537268634317,0.0015780225887369469
1312.8564282141072,0.0016196271332146503
1318.2591295647826,0.0016619732300296038
1323.6618309154578,0.0017050656441967083
1329.0645322661333,0.0017489090173107907
1334.4672336168085,0.0017935078659841739
1339.869934967484,0.0018388665803469758
1345.2726363181591,0.0018849894226105218
1350.6753376688346,0.0019318805256936563
1356.0780390195098,0.0019795438919122835
1361.4807403701852,0.0020279833917317934
1366.8834417208604,0.002077202762582641
1372.286143071536,0.0021272056077386264
1377.688844422211,0.0021779953952580627
1383.0915457728865,0.002229575456987306
1388.494247123562,0.0022819489876267445
1393.8969484742372,0.0023351190438586325
1399.2996498249126,0.0023890885435368077
1404.7023511755879,0.0024438602649376005
1410.1050525262633,0.002499436846071884
1415.5077538769385,0.0025558207840575254
1420.910455227614,0.002613014434552105
1426.3131565782892,0.00267102001124512
1431.7158579289646,0.0027298395854094305
1437.1185592796398,0.002789475085511181
1442.5212606303153,0.002849928296877809
1447.9239619809905,0.0029112008614233945
1453.326663331666,0.0029732942774308544
1458.7293646823414,0.0030362098993902253
1464.1320660330166,0.0030999489378924546
1469.534767383692,0.0031645124595779343
1474.9374687343673,0.0032299013871391136
1480.3401700850427,0.003296116499376419
1485.742871435718,0.003363158431306755
1491.1455727863934,0.0034310276743237896
1496.5482741370686,0.0034997245764092485
1501.950975487744,0.0035692493423944115
1507.3536768384192,0.003639602034270975
1512.7563781890947,0.0037107825715504703
1518.15907953977,0.0037827907316713696
1523.5617808904453,0.0038556261504530186
1528.9644822411208,0.003929288322595546
1534.367183591796,0.004003776602224839
1539.7698849424714,0.004079090203481716
1545.1725862931467,0.004155228201154389
1550.575287643822,0.004232189531353296
1555.9779889944973,0.004309972992227432
1561.3806903451728,0.004388577244721186
1566.783391695848,0.004468000813370851
1572.1860930465234,0.004548242087139784
1577.5887943971986,0.004629299320291372
1582.991495747874,0.004711170633298777
1588.3941970985493,0.004793854013790638
1593.7968984492247,0.004877347317531646
1599.1995997999002,0.004961648269437221
1604.6023011505754,0.005046754464621164
1610.0050025012508,0.005132663369475556
1615.407703851926,0.005219372322781739
1620.8104052026015,0.005306878536851682
1626.2131065532767,0.005395179098698552
1631.6158079039521,0.005484270971235812
1637.0185092546274,0.005574150994503676
1642.4212106053028,0.0056648158869222354
1647.823911955978,0.0057562622465700975
1653.2266133066535,0.005848486552487874
1658.6293146573287,0.0059414851660053595
1664.0320160080041,0.0060352543320917745
1669.4347173586796,0.006129790180727862
1674.8374187093548,0.00622508872829929
1680.2401200600302,0.006321145879010153
1685.6428214107054,0.006417957426316013
1691.0455227613809,0.00651551905437529
1696.448224112056,0.006613826339518502
1701.8509254627315,0.006712874751734134
1707.2536268134068,0.00681265965617066
1712.6563281640822,0.006913176314653558
1718.0590295147574,0.007014419887216794
1723.4617308654329,0.007116385433647696
1728.864432216108,0.007219067915044678
1734.2671335667835,0.007322462195386759
1739.669834917459,0.007426563043114388
1745.0725362681342,0.007531365132720464
1750.4752376188096,0.007636863046351224
1755.8779389694848,0.007743051275415717
1761.2806403201603,0.007849924222203743
1766.6833416708355,0.00795747620151091
1772.086043021511,0.008065701442270676
1777.4887443721861,0.008174594089192133
1782.8914457228616,0.00828414820440338
1788.2941470735368,0.008394357769099288
1793.6968484242122,0.008505216685193447
1799.0995497748877,0.008616718776973295
1804.502251125563,0.008728857792758019
1809.9049524762383,0.008841627406558462
1815.3076538269136,0.008955021219738478
1820.710355177589,0.009069032762677154
1826.1130565282642,0.009183655496431202
1831.5157578789397,0.009298882814397091
1836.9184592296149,0.009414708043972202
1842.3211605802903,0.00953112444821458
1847.7238619309655,0.009648125227500623
1853.126563281641,0.009765703521180266
1858.5292646323162,0.009883852409229102
1863.9319659829916,0.010002564913896938
1869.334667333667,0.010121834001352279
1874.7373686843423,0.010241652583322278
1880.1400700350177,0.01036201351872768
1885.542771385693,0.010482909615312274
1890.9454727363684,0.010604333631266435
1896.3481740870436,0.010726278276844315
1901.750875437719,0.010848736215974262
1907.1535767883943,0.01097170006786202
1912.5562781390697,0.01109516240858635
1917.958979489745,0.011219115772686711
1923.3616808404204,0.011343552654742498
1928.7643821910956,0.011468465510943672
1934.167083541771,0.011593846760652159
1939.5697848924465,0.01171968878795403
1944.9724862431217,0.011845983943201696
1950.3751875937971,0.011972724544546235
1955.7778889444724,0.012099902879459163
1961.1805902951478,0.012227511206243654
1966.583291645823,0.012355541755534662
1971.9859929964985,0.012483986731787897
1977.3886943471737,0.01261283831475715
1982.791395697849,0.012742088660959966
1988.1940970485243,0.012871729905131132
1993.5967983991998,0.013001754161664056
1998.999499749875,0.013132153526039456
2004.4022011005504,0.013262920076241504
2009.8049024512259,0.01339404587416085
2015.207603801901,0.013525522966984721
2020.6103051525765,0.01365734338857343
2026.0130065032517,0.013789499160823638
2031.4157078539272,0.013921982295017706
2036.8184092046024,0.01405478479315934
2042.2211105552778,0.014187898649295129
2047.623811905953,0.014321315850821992
2053.0265132566283,0.014455028379780273
2058.429214607304,0.014589028214132433
2063.831915957979,0.014723307329027173
2069.2346173086544,0.014857857698048876
2074.63731865933,0.014992671294452291
2080.0400200100053,0.015127740092382293
2085.4427213606805,0.01526305606807871
2090.8454227113557,0.01539861120106605
2096.2481240620314,0.015534397475328114
2101.6508254127066,0.015670406880467357
2107.053526763382,0.015806631412849017
2112.456228114057,0.015943063076729835
2117.8589294647327,0.016079693885371504
2123.261630815408,0.01621651586213848
2128.664332166083,0.016353521041580582
2134.0670335167583,0.016490701470499778
2139.469734867434,0.016628049209001735
2144.872436218109,0.016765556331531536
2150.2751375687844,0.016903214927894112
2155.67783891946,0.017041017104258677
2161.0805402701353,0.017178954984148134
2166.4832416208105,0.017317020709412257
2171.8859429714857,0.0174552064411859
2177.2886443221614,0.017593504360831062
2182.6913456728366,0.01773190667086397
2188.094047023512,0.017870405595865994
2193.496748374187,0.018008993383379718
2198.8994497248627,0.018147662304788863
2204.302151075538,0.018286404656183426
2209.704852426213,0.018425212759208692
2215.107553776889,0.018564078961899638
2220.510255127564,0.018702995639499273
2225.9129564782393,0.018841955195262404
2231.3156578289145,0.018980950061243493
2236.71835917959,0.019119972699070075
2242.1210605302654,0.0192590156007003
2247.5237618809406,0.019398071289166284
2252.926463231616,0.019537132319301605
2258.3291645822915,0.01967619127845481
2263.7318659329667,0.019815240787187216
2269.134567283642,0.019954273499956824
2274.537268634317,0.020093282105786717
2279.939969984993,0.020232259328919772
2285.342671335668,0.02037119792945794
2290.745372686343,0.020510090703988102
2296.148074037019,0.020648930486192606
2301.550775387694,0.020787710147446636
2306.9534767383693,0.020926422597400348
2312.3561780890445,0.02106506078454812
2317.75887943972,0.021203617696782764
2323.1615807903954,0.021342086361937015
2328.5642821410706,0.021480459848310162
2333.966983491746,0.02161873126518228
2339.3696848424215,0.02175689376331372
2344.7723861930967,0.02189494053543242
2350.175087543772,0.022032864816706736
2355.5777888944476,0.022170659885206334
2360.980490245123,0.022308319062348776
2366.383191595798,0.02244583571333439
2371.7858929464733,0.02258320324756713
2377.188594297149,0.022720415119063964
2382.591295647824,0.022857464826850308
2387.9939969984994,0.022994345915344556
2393.3966983491746,0.023131051974728558
2398.7993996998503,0.023267576641307686
2404.2021010505255,0.02340391359785692
2409.6048024012007,0.023540056573956938
2415.007503751876,0.02367599934631629
2420.4102051025516,0.023811735739084055
2425.812906453227,0.023947259624148523
2431.215607803902,0.02408256492142697
2436.6183091545777,0.024217645599141437
2442.021010505253,0.024352495674086
2447.423711855928,0.0244871092118802
2452.8264132066033,0.024621480327214375
2458.229114557279,0.024755603184081203
2463.631815907954,0.024889471995999626
2469.0345172586294,0.025023081026225063
2474.4372186093046,0.025156424587952378
2479.8399199599803,0.025289497044505314
2485.2426213106555,0.025422292809519013
2490.6453226613307,0.025554806347109247
2496.0480240120064,0.02568703217203497
2501.4507253626816,0.025818964849847807
2506.853426713357,0.025950598997035227
2512.256128064032,0.02608192928115086
2517.6588294147077,0.026212950420938692
2523.061530765383,0.0263436571864448
2528.464232116058,0.026474044399123063
2533.8669334667334,0.026604106931928884
2539.269634817409,0.026733839709406855
2544.6723361680843,0.026863237707766958
2550.0750375187595,0.026992295954954885
2555.4777388694347,0.02712100953071103
2560.8804402201104,0.027249373566623995
2566.2831415707856,0.02737738324617301
2571.685842921461,0.02750503380476502
2577.0885442721365,0.027632320529761063
2582.4912456228117,0.02775923876049746
2587.893946973487,0.027885783888296628
2593.296648324162,0.028011951356472855
2598.699349674838,0.02813773666032812
2604.102051025513,0.02826313534714287
2609.504752376188,0.028388143016157334
2614.9074537268634,0.028512755318547873
2620.310155077539,0.028636967957394167
2625.7128564282143,0.02876077668764169
2631.1155577788895,0.028884177316055228
2636.518259129565,0.02900716570116798
2641.9209604802404,0.029129737753221797
2647.3236618309156,0.029251889434103492
2652.726363181591,0.02937361675727223
2658.1290645322665,0.029494915787683415
2663.5317658829417,0.029615782641703843
2668.934467233617,0.029736213487023506
2674.337168584292,0.029856204542559057
2679.739869934968,0.029975752078353898
2685.142571285643,0.030094852415470406
2690.5452726363183,0.030213501925878825
2695.9479739869935,0.030331697032338647
2701.350675337669,0.030449434208276713
2706.7533766883444,0.030566709977658188
2712.1560780390196,0.030683520914854406
2717.5587793896952,0.030799863644503732
2722.9614807403705,0.03091573484136957
2728.3641820910457,0.031031131230191675
2733.766883441721,0.03114604958553457
2739.1695847923966,0.03126048673162977
2744.572286143072,0.03137443954221513
2749.974987493747,0.031487904940368204
2755.377688844422,0.03160087989833702
2760.780390195098,0.031713361437364924
2766.183091545773,0.03182534662751324
2771.5857928964483,0.031936832587477926
2776.988494247124,0.032047816484404516
2782.391195597799,0.03215829553369698
2787.7938969484744,0.03226826699882525
2793.1965982991496,0.03237772819112674
2798.5992996498253,0.032486676469606846
2804.0020010005005,0.032595109240733416
2809.4047023511757,0.032703023958230514
2814.807403701851,0.032810418122866364
2820.2101050525266,0.032917289282240615
2825.612806403202,0.033023635030566184
2831.015507753877,0.033129453008450174
2836.4182091045527,0.03323474090267023
2841.820910455228,0.03333949644594932
2847.223611805903,0.03344371741672678
2852.6263131565784,0.033547401638927506
2858.029014507254,0.03365054698172788
2863.4317158579292,0.03375315135931983
2868.8344172086045,0.0338552127306718
2874.2371185592797,0.03395672909928798
2879.6398199099553,0.034057698512964724
2885.0425212606306,0.034158119063545336
2890.445222611306,0.03425798888667197
2895.847923961981,0.03435730616153639
2901.2506253126567,0.03445606911062776
2906.653326663332,0.03455427599947953
2912.056028014007,0.0346519251364134
2917.4587293646828,0.03474901487228268
2922.861430715358,0.03484554360021263
2928.264132066033,0.03494150975534061
2933.6668334167084,0.03503691181455308
2939.069534767384,0.03513174829622276
2944.4722361180593,0.03522601775994248
2949.8749374687345,0.03531971880625977
2955.2776388194097,0.035412850076407744
2960.6803401700854,0.035505410252037295
2966.0830415207606,0.03559739805494536
2971.485742871436,0.03568881224680486
2976.8884442221115,0.0357796516288907
2982.2911455727867,0.03586991504180757
2987.693846923462,0.03595960136521395
2993.096548274137,0.0360487095175481
2998.499249624813,0.03613723845575018
3003.901950975488,0.03622518717498657
3009.3046523261633,0.03631255470837055
3014.7073536768385,0.03639934012668493
3020.110055027514,0.03648554253810166
3025.5127563781894,0.036571161087902954
3030.9154577288646,0.03665619495819995
3036.31815907954,0.03674064336765255
3041.7208604302155,0.03682450557118737
3047.1235617808907,0.036907780859716514
3052.526263131566,0.036990468559854835
3057.9289644822416,0.037072568033638086
3063.3316658329168,0.037154078678239486
3068.734367183592,0.037234999925687455
3074.137068534267,0.03731533124258165
3079.539769884943,0.037395072129810546
3084.942471235618,0.03747422212226708
3090.3451725862933,0.037552780788566165
3095.7478739369685,0.037630747730760195
3101.150575287644,0.03770812258405656
3106.5532766383194,0.03778490501653328
3111.9559779889946,0.03786109472885666
3117.3586793396703,0.037936691453997105
3122.7613806903455,0.03801169495694709
3128.1640820410207,0.03808610503443745
3133.566783391696,0.03815992151465567
3138.9694847423716,0.03823314425696269
3144.372186093047,0.03830577315161199
3149.774887443722,0.03837780811946667
3155.1775887943973,0.03844924911171965
3160.580290145073,0.03852009610961129
3165.982991495748,0.03859034912415042
3171.3856928464234,0.038660008195833075
3176.7883941970986,0.03872907339436425
3182.1910955477742,0.038797544818377765
3187.5937968984495,0.038865422595159196
3192.9964982491247,0.03893270688036668
3198.3991995998003,0.038999397857755184
3203.8019009504756,0.039065495738898545
3209.2046023011508,0.03913100076291494
3214.607303651826,0.03919591319619043
3220.0100050025017,0.0392602333321057
3225.412706353177,0.03932396149076116
3230.815407703852,0.039387098018705054
3236.2181090545273,0.0394496432886603
3241.620810405203,0.03951159769925397
3247.023511755878,0.03957296167474595
3252.4262131065534,0.03963373566476004
3257.828914457229,0.039693920144014315
3263.2316158079043,0.03975351561205398
3268.6343171585795,0.039812522592983596
3274.0370185092547,0.03987094163520178
3279.4397198599304,0.03992877331113523
3284.8424212106056,0.039986018216975484
3290.245122561281,0.04004267697241477
3295.647823911956,0.04009875022038485
3301.0505252626317,0.04015423862679486
3306.453226613307,0.040209142880272254
3311.855927963982,0.04026346369190269
3317.2586293146574,0.04031720179497315
3322.661330665333,0.04037035794471395
3328.0640320160082,0.04042293291804408
3333.4667333666835,0.04047492751331541
3338.869434717359,0.0405263425500603
3344.2721360680343,0.0405771788687381
3349.6748374187096,0.04062743733048496
3355.077538769385,0.04067711881686274
3360.4802401200604,0.04072622422961124
3365.8829414707357,0.04077475449039933
3371.285642821411,0.04082271054057967
3376.688344172086,0.04087009334094232
3382.0910455227618,0.04091690387147173
3387.493746873437,0.040963143131103025
3392.896448224112,0.04100881213748133
3398.299149574788,0.041053911926720615
3403.701850925463,0.041098443553165546
3409.1045522761383,0.0411424080891529
3414.5072536268135,0.041185806624775875
3419.909954977489,0.041228640267648234
3425.3126563281644,0.041270910142671084
3430.7153576788396,0.04131261739179969
3436.118059029515,0.04135376317381285
3441.5207603801905,0.0413943486640824
3446.9234617308657,0.041434375054345156
3452.326163081541,0.04147384355247519
3457.728864432216,0.04151275538225829
3463.131565782892,0.04155111178316709
3468.534267133567,0.04158891401013823
3473.9369684842422,0.041626163333349946
3479.339669834918,0.041662861038002354
3484.742371185593,0.041699008424097406
3490.1450725362683,0.0417346068062221
3495.5477738869436,0.04176965751333116
3500.9504752376192,0.04180416188853295
3506.3531765882944,0.04183812128887499
3511.7558779389697,0.04187153708513257
3517.158579289645,0.04190441066159708
3522.5612806403205,0.041936743415867374
3527.9639819909958,0.04196853675864095
3533.366683341671,0.04199979211350802
3538.7693846923466,0.04203051091674557
3544.172086043022,0.042060694617114126
3549.574787393697,0.042090344675654756
3554.9774887443723,0.04211946256548849
3560.380190095048,0.04214804977161625
3565.782891445723,0.042176107790721
3571.1855927963984,0.04220363813097053
3576.5882941470736,0.042230642311822435
3581.9909954977493,0.042257121863829655
3587.3936968484245,0.04228307832844834
3592.7963981990997,0.04230851325784611
3598.1990995497754,0.0423334282147128
3603.6018009004506,0.04235782477207154
3609.004502251126,0.04238170451309233
3614.407203601801,0.042405069030905795
3619.8099049524767,0.04242791992841979
3625.212606303152,0.042450258818135696
3630.615307653827,0.042472087321968124
3636.0180090045023,0.04249340707106381
3641.420710355178,0.042514219705624065
3646.8234117058532,0.04253452687472672
3652.2261130565284,0.04255433023615112
3657.6288144072037,0.04257363145620302
3663.0315157578793,0.04259243220954228
3668.4342171085545,0.042610734179010505
3673.8369184592298,0.0426285390554616
3679.2396198099054,0.04264584853759217
3684.6423211605807,0.042662664331774756
3690.045022511256,0.04267898815189109
3695.447723861931,0.042694821719168004
3700.8504252126068,0.0427101667620135
3706.253126563282,0.04272502501585536
3711.655827913957,0.0427393982229799
3717.0585292646324,0.04275328813237345
3722.461230615308,0.04276669649956363
3727.8639319659833,0.042779625086463734
3733.2666333166585,0.04279207566121656
3738.669334667334,0.04280404999804153
3744.0720360180094,0.042815549877081305
3749.4747373686846,0.04282657708425141
3754.87743871936,0.04283713341108969
3760.2801400700355,0.042847220654608505
3765.6828414207107,0.04285684061714682
3771.085542771386,0.04286599510622508
3776.488244122061,0.04287468593439999
3781.890945472737,0.0428829149191219
3787.293646823412,0.04289068388259228
3792.6963481740872,0.042897994651623694
3798.0990495247624,0.04290484905749993
3803.501750875438,0.04291124893583837
3808.9044522261133,0.042917196126452964
3814.3071535767886,0.04292269247321897
3819.709854927464,0.0429277398239385
3825.1125562781394,0.04293234003020797
3830.5152576288147,0.04293649494728593
3835.91795897949,0.04294020643396331
3841.3206603301655,0.04294347635243352
3846.7233616808408,0.042946306568165345
3852.126063031516,0.0429486989497755
3857.528764382191,0.04295065536890397
3862.931465732867,0.04295217770008908
3868.334167083542,0.0429532678206453
3873.7368684342173,0.04295392761054074
3879.139569784893,0.04295415895227733
3884.542271135568,0.042953963730770844
3889.9449724862434,0.04295334383323347
3895.3476738369186,0.04295230114905613
3900.7503751875943,0.04295083756969352
3906.1530765382695,0.04294895498854885
3911.5557778889447,0.042946655300861204
3916.95847923962,0.04294394040359249
3922.3611805902956,0.04294081219531744
3927.763881940971,0.04293727257611256
3933.166583291646,0.04293332344744872
3938.5692846423212,0.04292896671208218
3943.971985992997,0.042924204273949655
3949.374687343672,0.042919038038061456
3954.7773886943473,0.04291346991039893
3960.180090045023,0.042907501797809784
3965.582791395698,0.042901135607907884
3970.9854927463734,0.042894373248970566
3976.3881940970487,0.04288721662984093
3981.7908954477243,0.042879667659827106
3987.1935967983995,0.04287172824860692
3992.5962981490748,0.042863400306129215
3997.99899949975,0.04285468574252072
4003.4017008504256,0.04284558646798951
4008.804402201101,0.04283610439273405
4014.207103551776,0.0428262414268487
4019.6098049024517,0.042815999480234915
4025.012506253127,0.042805380462508834
4030.415207603802,0.042794386282914564
4035.8179089544774,0.042783018850233896
4041.220610305153,0.042771280072701506
4046.6233116558283,0.04275917185791682
4052.0260130065035,0.042746696112761245
4057.4287143571787,0.042733854743312
4062.8314157078544,0.042720649654761376
4068.2341170585296,0.04270708275133258
4073.636818409205,0.04269315593620089
4079.03951975988,0.04267887111141158
4084.4422211105557,0.042664230177802936
4089.844922461231,0.04264923503492613
4095.247623811906,0.042633887580970226
4100.650325162582,0.042618189712683864
4106.053026513257,0.04260214332530219
4111.455727863932,0.04258575031247057
4116.858429214608,0.04256901256617314
4122.261130565283,0.04255193197665857
4127.663831915958,0.04253451043237037
4133.066533266634,0.04251674981987455
4138.469234617309,0.042498652023791654
4143.871935967984,0.04248021892672635
4149.27463731866,0.04246145240920108
4154.677338669335,0.04244235434958761
4160.0800400200105,0.042422926624042394
4165.482741370685,0.042403171106439826
4170.885442721361,0.04238308966830931
4176.288144072037,0.0423626841787704
4181.690845422711,0.042341956504471465
4187.093546773387,0.04232090850952648
4192.496248124063,0.042299542055455566
4197.8989494747375,0.042277859001123276
4203.301650825413,0.042255861202680885
4208.704352176088,0.04223355051350629
4214.107053526764,0.042210928784148
4219.509754877439,0.042187997862266596
4224.912456228114,0.042164759592580335
4230.31515757879,0.04214121581680829
4235.717858929465,0.04211736837361744
4241.12056028014,0.04209321909856742
4246.523261630816,0.042068769824059195
4251.9259629814915,0.04204402237928142
4257.328664332166,0.04201897859016041
4262.731365682842,0.04199364027930839
4268.134067033517,0.04196800926597462
4273.536768384192,0.041942087365995404
4278.939469734868,0.04191587639174661
4284.342171085543,0.04188937815209507
4289.744872436218,0.041862594452352714
4295.147573786894,0.041835527094229365
4300.550275137569,0.04180817787578827
4305.9529764882445,0.04178054859140033
4311.35567783892,0.04175264103170113
4316.758379189595,0.04172445698354651
4322.161080540271,0.04169599822997093
4327.563781890945,0.04166726655014454
4332.966483241621,0.041638263719332866
4338.369184592297,0.04160899150885518
4343.7718859429715,0.041579451686045606
4349.174587293647,0.04154964601421281
4354.577288644323,0.04151957625260236
4359.979989994998,0.04148924415635787
4365.382691345673,0.041458651476484504
4370.785392696349,0.04142779995981147
4376.188094047024,0.04139669134895679
4381.590795397699,0.04136532738229119
4386.993496748374,0.041333709793903876
4392.39619809905,0.0413018403135678
4397.7988994497255,0.041269720666706776
4403.2016008004,0.041237352574361744
4408.604302151076,0.041204737753159214
4414.007003501752,0.041171877915278814
4419.409704852426,0.04113877476842273
4424.812406203102,0.04110543001578456
4430.215107553778,0.04107184535601986
4435.617808904452,0.04103802248321624
4441.020510255128,0.04100396308686496
4446.423211605803,0.04096966885183216
4451.8259129564785,0.04093514145833168
4457.228614307154,0.04090038258189728
4462.631315657829,0.04086539389335664
4468.034017008505,0.04083017705880466
4473.43671835918,0.040794733739578516
4478.839419709855,0.04075906559223202
4484.242121060531,0.04072317426851182
4489.6448224112055,0.04068706141533269
4495.047523761881,0.040650728674754874
4500.450225112557,0.040614177683960376
4505.852926463232,0.04057741007523125
4511.255627813907,0.040540427475927066
4516.658329164583,0.040503231508463994
4522.061030515258,0.040465823790293426
4527.463731865933,0.04042820593388197
4532.866433216609,0.04039037954669105
4538.269134567284,0.040352346231157875
4543.6718359179595,0.040314107584676004
4549.074537268634,0.04027566519957715
4554.47723861931,0.04023702066311288
4559.879939969986,0.04019817555743717
4565.28264132066,0.04015913145958906
4570.685342671336,0.04011988994147615
4576.088044022012,0.04008045256985817
4581.490745372686,0.040040820906331265
4586.893446723362,0.04000099650731253
4592.296148074038,0.03996098092402513
4597.6988494247125,0.039920775702483736
4603.101550775388,0.03988038238348043
4608.504252126063,0.03983980250257102
4613.906953476739,0.03979903759006175
4619.309654827414,0.03975808917099651
4624.712356178089,0.0397169587651443
4630.115057528765,0.03967564788698723
4635.51775887944,0.03963415804570886
4640.920460230115,0.03959249074518288
4646.323161580791,0.039550647483962406
4651.7258629314665,0.039508629755269205
4657.128564282141,0.03946643904698392
4662.531265632817,0.039424076841636034
4667.933966983492,0.0393815446163948
4673.336668334167,0.039338843843059905
4678.739369684843,0.03929597598805327
4684.142071035518,0.03925294251241034
4689.5447723861935,0.03920974487177259
4694.947473736869,0.03916638451637951
4700.350175087544,0.03912286289106193
4705.75287643822,0.039079181435234596
4711.155577788895,0.03903534158289019
4716.55827913957,0.03899134476259259
4721.960980490246,0.038947192397471575
4727.36368184092,0.03890288590521673
4732.766383191596,0.03885842669807282
4738.169084542272,0.03881381618283434
4743.5717858929465,0.038769055760841505
4748.974487243622,0.03872414682797544
4754.377188594298,0.03867909077465486
4759.779889944973,0.03863388898583177
4765.182591295648,0.038588542840988796
4770.585292646323,0.038543053714135564
4775.987993996999,0.03849742297380649
4781.390695347674,0.038451651983057916
4786.793396698349,0.03840574209946625
4792.196098049025,0.03835969467512594
4797.5987993997005,0.038313511056647966
4803.001500750375,0.03826719258515854
4808.404202101051,0.03822074059629807
4813.806903451727,0.03817415642022036
4819.209604802401,0.03812744138159222
4824.612306153077,0.03808059679959314
4830.015007503752,0.03803362398791543
4835.4177088544275,0.037986524254764474
4840.820410205103,0.03793929890285926
4846.223111555778,0.037891949229433286
4851.625812906454,0.03784447652623555
4857.028514257129,0.037796882079531836
4862.431215607804,0.03774916717010635
4867.83391695848,0.03770133307326346
4873.236618309155,0.037653381058829725
4878.63931965983,0.037605312391156186
4884.042021010506,0.037557128329120795
4889.4447223611805,0.0375088301261313
4894.847423711856,0.0374604190301279
4900.250125062532,0.03741189628358684
4905.652826413207,0.0373632631235233
4911.055527763882,0.03731452078149552
4916.458229114558,0.03726567048360815
4921.860930465233,0.037216713450516685
4927.263631815908,0.037167650897431355
4932.666333166584,0.03711848403412193
4938.069034517259,0.037069214064921974
4943.4717358679345,0.037019842188734074
4948.874437218609,0.036970369599034575
4954.277138569285,0.0369207974838791
4959.679839919961,0.0368711270259077
4965.082541270635,0.036821359402350755
4970.485242621311,0.03677149578503452
4975.887943971987,0.03672153734038733
4981.2906453226615,0.03667148522944563
4986.693346673337,0.03662134060786044
4992.096048024013,0.0365711046259038
4997.498749374688,0.0365207784284755
5002.901450725363,0.03647036315511
5008.304152076038,0.03641985993998336
5013.706853426714,0.036369269911920576
5019.109554777389,0.036318594194402885
5024.512256128064,0.03626783390557535
5029.91495747874,0.036216990158254435
5035.317658829415,0.03616606405993605
5040.72036018009,0.03611505671280336
5046.123061530766,0.036063969213735086
5051.525762881442,0.03601280265431376
5056.928464232116,0.03596155812083414
5062.331165582792,0.03591023669431192
5067.733866933467,0.03585883945049235
5073.136568284142,0.035807367459859234
5078.539269634818,0.03575582178764383
5083.941970985493,0.03570420349383423
5089.3446723361685,0.03565251363318427
5094.747373686844,0.03560075325522349
5100.150075037519,0.035548923404266165
5105.552776388195,0.03549702511942137
5110.955477738869,0.035445059434602605
5116.358179089545,0.035393027378537736
5121.760880440221,0.035340929974779244
5127.1635817908955,0.03528876824171407
5132.566283141571,0.0352365431925743
5137.968984492247,0.035184255835447174
5143.371685842922,0.035131907173286056
5148.774387193597,0.035079498203920596
5154.177088544273,0.035027029920067974
5159.579789894948,0.03497450330934327
5164.982491245623,0.034921919354270914
5170.385192596298,0.034869279032295246
5175.787893946974,0.034816583315792266
5181.190595297649,0.03476383317208027
5186.593296648324,0.034711029563431896
5191.995997999,0.03465817344708489
5197.398699349676,0.03460526577525441
5202.80140070035,0.03455230749514396
5208.204102051026,0.0344992995489578
5213.606803401702,0.0344462428739122
5219.009504752376,0.03439313840224797
5224.412206103052,0.03433998706124184
5229.814907453727,0.03428678977321921
5235.2176088044025,0.03423354745556572
5240.620310155078,0.0341802610207401
5246.023011505753,0.034126931376285974
5251.425712856429,0.034073559424844864
5256.828414207104,0.03402014606416801
5262.231115557779,0.033966692187129784
5267.633816908455,0.03391319868173946
5273.03651825913,0.033859666431154824
5278.439219609805,0.03380609631369408
5283.841920960481,0.033752489202849616
5289.244622311156,0.03369884596730013
5294.647323661831,0.03364516747092437
5300.050025012507,0.03359145457281347
5305.452726363182,0.03353770812728488
5310.855427713857,0.03348392898389474
5316.258129064533,0.03343011798745192
5321.660830415208,0.033376275978030646
5327.063531765883,0.0333224037909845
5332.466233116559,0.03326850225695925
5337.868934467234,0.03321457220190698
5343.27163581791,0.03316061444709894
5348.674337168584,0.033106629809139865
5354.07703851926,0.033052619099980904
5359.479739869936,0.03299858312693402
5364.88244122061,0.03294452269268504
5370.285142571286,0.03289043859530816
5375.687843921962,0.0328363316282791
5381.0905452726365,0.03278220258048961
5386.493246623312,0.03272805223626084
5391.895947973987,0.032673881375357886
5397.298649324663,0.03261969077300314
5402.701350675338,0.032565481199891146
5408.104052026013,0.03251125342220179
5413.506753376689,0.03245700820161539
5418.909454727364,0.03240274629532589
5424.312156078039,0.03234846845605602
5429.714857428715,0.03229417543207069
5435.1175587793905,0.032239867967191964
5440.520260130065,0.03218554680081276
5445.922961480741,0.032131212667911746
5451.325662831416,0.032076866299067225
5456.728364182091,0.03202250842047194
5462.131065532767,0.03196813975394713
5467.533766883442,0.03191376101695735
5472.9364682341175,0.03185937292262455
5478.339169584793,0.03180497617974305
5483.741870935468,0.03175057149279353
5489.144572286144,0.031696159561958204
5494.547273636819,0.03164174108313465
5499.949974987494,0.03158731674795126
5505.35267633817,0.03153288724378097
5510.755377688844,0.03147845325375675
5516.15807903952,0.03142401545678544
5521.560780390196,0.0313695745275632
5526.9634817408705,0.03131513113658949
5532.366183091546,0.031260685950182394
5537.768884442222,0.031206239630492773
5543.171585792897,0.03115179283551957
5548.574287143572,0.031097346219123946
5553.976988494248,0.031042900431044653
5559.379689844923,0.030988456116912207
5564.782391195598,0.030934013918264266
5570.185092546273,0.03087957447255979
5575.587793896949,0.030825138413194494
5580.9904952476245,0.03077070636951501
5586.393196598299,0.0307162789668343
5591.795897948975,0.030661856826445913
5597.198599299651,0.03060744056563938
5602.601300650325,0.030553030797714424
5608.004002001001,0.030498628131996487
5613.406703351677,0.030444233173850827
5618.8094047023515,0.030389846524698103
5624.212106053027,0.0303354687820285
5629.614807403702,0.03028110053941729
5635.017508754378,0.030226742386538913
5640.420210105053,0.03017239490918262
5645.822911455728,0.03011805868926655
5651.225612806404,0.030063734304853307
5656.628314157079,0.030009422330164022
5662.031015507754,0.029955123335594077
5667.43371685843,0.02990083788772693
5672.836418209105,0.029846566549350053
5678.23911955978,0.029792309879468584
5683.641820910456,0.029738068433321368
5689.044522261131,0.029683842762394518
5694.447223611806,0.029629633414437473
5699.849924962482,0.029575440933476558
5705.252626313157,0.029521265859831017
5710.655327663832,0.02946710873012659
5716.058029014508,0.02941297007731139
5721.460730365183,0.029358850430669683
5726.8634317158585,0.029304750315837555
5732.266133066533,0.029250670254816768
5737.668834417209,0.0291966107659904
5743.071535767885,0.02914257236413661
5748.474237118559,0.029088555560444335
5753.876938469235,0.029034560862527006
5759.279639819911,0.02898058877443819
5764.6823411705855,0.02892663979668529
5770.085042521261,0.028872714426245213
5775.487743871937,0.028818813156577958
5780.890445222612,0.02876493647764228
5786.293146573287,0.02871108487590929
5791.695847923962,0.028657258834378054
5797.098549274638,0.028603458832589114
5802.501250625313,0.028549685346640166
5807.903951975988,0.028495938849199424
5813.306653326664,0.028442219809521354
5818.709354677339,0.028388528693459945
5824.112056028014,0.02833486596348442
5829.51475737869,0.028281232078692504
5834.9174587293655,0.02822762749482602
5840.32016008004,0.028174052664284195
5845.722861430716,0.02812050803613919
5851.125562781391,0.02806699405614931
5856.528264132066,0.028013511166774575
5861.930965482742,0.02796005980718984
5867.333666833417,0.027906640413300307
5872.7363681840925,0.027853253417754697
5878.139069534768,0.02779989924996053
5883.541770885443,0.027746578336097446
5888.944472236119,0.027693291099132336
5894.347173586794,0.027640037958832638
5899.749874937469,0.02758681933178137
5905.152576288145,0.02753363563139047
5910.5552776388195,0.027480487267915743
5915.957978989495,0.02742737464847008
5921.360680340171,0.027374298177038455
5926.763381690846,0.02732125825449103
5932.166083041521,0.027268255278598125
5937.568784392197,0.02721528964404328
5942.971485742872,0.02716236174243811
5948.374187093547,0.027109471962335385
5953.776888444223,0.0270566206892438
5959.179589794898,0.027003808305640985
5964.582291145573,0.026951035190988275
5969.984992496248,0.02689830172174355
5975.387693846924,0.02684560827137607
5980.7903951975995,0.02679295521037922
5986.193096548274,0.02674034290628523
5991.59579789895,0.02668777172367793
5996.998499249626,0.02663524202420737
6002.4012006003,0.02658275416660255
6007.803901950976,0.026530308506685925
6013.206603301651,0.026477905397386155
6018.6093046523265,0.026425545188752432
6024.012006003002,0.02637322822796733
6029.414707353677,0.02632095485936089
6034.817408704353,0.026268725424423545
6040.220110055028,0.02621654026182005
6045.622811405703,0.026164399707402457
6051.025512756379,0.02611230409422384
6056.428214107054,0.02606025375255124
6061.830915457729,0.026008249009879466
6067.233616808405,0.02595629019094381
6072.63631815908,0.025904377617733794
6078.039019509755,0.02585251160950596
6083.441720860431,0.025800692482797368
6088.844422211106,0.025748920551438435
6094.247123561781,0.025697196126566357
6099.649824912457,0.025645519516637814
6105.052526263132,0.02559389102744242
6110.455227613807,0.025542310962115275
6115.857928964483,0.025490779621150376
6121.260630315158,0.02543929730241309
6126.6633316658335,0.02538786430115359
6132.066033016508,0.02533648091001909
6137.468734367184,0.025285147419067316
6142.87143571786,0.025233864115778687
6148.274137068534,0.025182631285069635
6153.67683841921,0.02513144920930482
6159.079539769886,0.025080318168310266
6164.4822411205605,0.025029238439385596
6169.884942471236,0.024978210297317026
6175.287643821912,0.024927234014389593
6180.690345172587,0.02487630986040005
6186.093046523262,0.02482543810266898
6191.495747873937,0.024774619006053693
6196.898449224613,0.024723852832960212
6202.301150575288,0.024673139843356093
6207.703851925963,0.024622480294782423
6213.106553276639,0.02457187444236646
6218.5092546273145,0.02452132253883359
6223.911955977989,0.024470824834519924
6229.314657328665,0.024420381577384187
6234.717358679341,0.024369993013020147
6240.120060030015,0.024319659384668565
6245.522761380691,0.024269380933229435
6250.925462731366,0.02421915789727395
6256.328164082041,0.024168990513056564
6261.730865432717,0.024118879014526994
6267.133566783392,0.024068823633342156
6272.5362681340675,0.02401882459887804
6277.938969484743,0.023968882138241665
6283.341670835418,0.02391899647628286
6288.744372186094,0.023869167835605998
6294.147073536769,0.023819396436581975
6299.549774887444,0.023769682497359623
6304.95247623812,0.02372002623387772
6310.3551775887945,0.023670427859876324
6315.75787893947,0.023620887586908678
6321.160580290146,0.023571405624352473
6326.563281640821,0.023521982179421738
6331.965982991496,0.023472617457177897
6337.368684342172,0.023423311660541762
6342.771385692847,0.023374064990304297
6348.174087043522,0.02332487764513874
6353.576788394197,0.023275749821611142
6358.979489744873,0.02322668171419251
6364.3821910955485,0.0231776735152692
6369.784892446223,0.023128725415155014
6375.187593796899,0.023079837602101527
6380.590295147575,0.02303101026231008
6385.992996498249,0.022982243579942052
6391.395697848925,0.022933537737130763
6396.798399199601,0.022884892913991657
6402.201100550275,0.02283630928863417
6407.603801900951,0.02278778703717178
6413.006503251626,0.022739326333733854
6418.4092046023015,0.02269092735047556
6423.811905952977,0.0226425902575897
6429.214607303652,0.022594315223316494
6434.617308654328,0.022546102413955372
6440.020010005003,0.022497951993874638
6445.422711355678,0.022449864125523248
6450.825412706354,0.022401838969440313
6456.228114057029,0.022353876684266867
6461.630815407704,0.02230597742675531
6467.03351675838,0.02225814135178097
6472.436218109055,0.022210368612351646
6477.83891945973,0.02216265935961897
6483.241620810406,0.0221150137428879
6488.644322161081,0.022067431909628003
6494.047023511756,0.02201991400548292
6499.449724862432,0.02197246017428151
6504.852426213107,0.02192507055804723
6510.2551275637825,0.021877745297009286
6515.657828914458,0.021830484529611845
6521.060530265133,0.02178328839252514
6526.463231615809,0.021736157020654647
6531.865932966483,0.021689090547152037
6537.268634317159,0.021642089103424335
6542.671335667835,0.021595152819144783
6548.074037018509,0.02154828182226187
6553.476738369185,0.021501476239010227
6558.879439719861,0.021454736193919473
6564.2821410705355,0.02140806180982509
6569.684842421211,0.02136145320787717
6575.087543771887,0.021314910507551223
6580.490245122562,0.021268433826656857
6585.892946473237,0.02122202328134851
6591.295647823912,0.02117567898613399
6596.698349174588,0.021129401053885243
6602.101050525263,0.02108318959584674
6607.503751875938,0.02103704472164617
6612.906453226614,0.02099096653930278
6618.3091545772895,0.020944955155238004
6623.711855927964,0.02089901067428364
6629.11455727864,0.020853133199692547
6634.517258629315,0.020807322833146583
6639.91995997999,0.020761579674767397
6645.322661330666,0.02071590382312414
6650.725362681341,0.02067029537524425
6656.1280640320165,0.020624754426621116
6661.530765382692,0.020579281071224746
6666.933466733367,0.02053387540150935
6672.336168084043,0.020488537508423967
6677.738869434718,0.020443267481419954
6683.141570785393,0.02039806540846151
6688.544272136069,0.020352931376033164
6693.946973486743,0.020307865469150164
6699.349674837419,0.020262867771365906
6704.752376188095,0.020217938364782244
6710.15507753877,0.020173077330056875
6715.557778889445,0.020128284746413514
6720.960480240121,0.020083560691649304
6726.363181590796,0.020038905242144803
6731.765882941471,0.019994318472871378
6737.168584292147,0.019949800457401145
6742.571285642822,0.019905351267914262
6747.973986993497,0.01986097097520875
6753.376688344172,0.019816659648707796
6758.779389694848,0.019772417356469466
6764.1820910455235,0.0197282441651939
6769.584792396198,0.019684140140233022
6774.987493746874,0.019640105345597587
6780.39019509755,0.019596139843966905
6785.792896448224,0.019552243696695715
6791.1955977989,0.01950841696382394
6796.598299149576,0.019464659704083398
6802.0010005002505,0.019420971974907556
6807.403701850926,0.019377353832438122
6812.806403201601,0.019333805331534767
6818.209104552277,0.0192903265257816
6823.611805902952,0.019246917467496877
6829.014507253627,0.019203578207739335
6834.417208604303,0.019160308796317926
6839.819909954978,0.019117109281797936
6845.222611305653,0.01907397971151081
6850.625312656329,0.019030920131560096
6856.0280140070045,0.018987930586831243
6861.430715357679,0.018945011120997446
6866.833416708355,0.018902161776529418
6872.23611805903,0.018859382594701088
6877.638819409705,0.018816673615599428
6883.041520760381,0.018774034878129932
6888.444222111056,0.018731466420026505
6893.846923461731,0.018688968277856797
6899.249624812407,0.018646540487032036
6904.652326163082,0.018604183081812345
6910.0550275137575,0.018561896095316402
6915.457728864432,0.018519679559526797
6920.860430215108,0.01847753350529956
6926.263131565784,0.018435457962369468
6931.665832916458,0.018393452959359523
6937.068534267134,0.018351518523786154
6942.47123561781,0.01830965468206865
6947.8739369684845,0.0182678614595343
6953.27663831916,0.01822613888042776
6958.679339669836,0.01818448696791612
6964.082041020511,0.018142905744098166
6969.484742371186,0.018101395230009473
6974.887443721861,0.018059955445631503
6980.290145072537,0.018018586409896703
6985.692846423212,0.01797728814069749
6991.095547773887,0.017936060654891315
6996.498249124563,0.01789490396830955
7001.9009504752385,0.01785381809576255
7007.303651825913,0.017812803051048386
7012.706353176589,0.017771858846957922
7018.109054527265,0.01773098549528342
7023.511755877939,0.017690183006823606
7028.914457228615,0.01764945139139216
7034.31715857929,0.017608790657822792
7039.719859929965,0.017568200813977575
7045.122561280641,0.01752768186675203
7050.525262631316,0.01748723382208336
7055.9279639819915,0.01744685668495546
7061.330665332667,0.017406550459407154
7066.733366683342,0.017366315148537054
7072.136068034018,0.017326150754511813
7077.538769384693,0.01728605727857085
7082.941470735368,0.017246034721034604
7088.344172086044,0.017206083081309137
7093.7468734367185,0.017166202357894393
7099.149574787394,0.0171263925483887
7104.55227613807,0.01708665364949694
7109.954977488745,0.017046985657035035
7115.35767883942,0.01700738856593807
7120.760380190096,0.016967862370264673
7126.163081540771,0.016928407063205076
7131.565782891446,0.016889022637085464
7136.968484242122,0.01684970908337595
7142.371185592797,0.01681046639269494
7147.7738869434725,0.016771294554816896
7153.176588294147,0.01673219355867679
7158.579289644823,0.016693163392377742
7163.981990995499,0.016654204043195397
7169.384692346173,0.016615315497585537
7174.787393696849,0.01657649774118843
7180.190095047525,0.016537750758836272
7185.592796398199,0.0164990745345576
7190.995497748875,0.01646046905158461
7196.398199099551,0.01642193429235752
7201.8009004502255,0.016383470238531837
7207.203601800901,0.016345076870982658
7212.606303151576,0.016306754169811907
7218.009004502252,0.016268502114352507
7223.411705852927,0.016230320683175647
7228.814407203602,0.016192209854094836
7234.217108554278,0.01615416960417314
7239.619809904953,0.016116199909727187
7245.022511255628,0.016078300746334293
7250.425212606304,0.016040472088836487
7255.827913956979,0.01600271391134753
7261.230615307654,0.015965026187256898
7266.63331665833,0.015927408889236754
7272.036018009005,0.01588986198924587
7277.43871935968,0.01585238545853652
7282.841420710356,0.015814979267658395
7288.244122061031,0.015777643386465406
7293.6468234117065,0.015740377784119537
7299.049524762382,0.015703182429097635
7304.452226113057,0.015666057289195144
7309.854927463733,0.015629002331532926
7315.257628814407,0.01559201752256086
7320.660330165083,0.015555102828064682
7326.063031515759,0.015518258213169442
7331.465732866433,0.01548148364234638
7336.868434217109,0.01544477907941627
7342.271135567785,0.015408144487556282
7347.6738369184595,0.015371579829303244
7353.076538269135,0.015335085066560464
7358.479239619811,0.01529866016060092
7363.881940970486,0.015262305072074094
7369.284642321161,0.015226019761009037
7374.687343671836,0.015189804186821166
7380.090045022512,0.015153658308315306
7385.492746373187,0.015117582083692424
7390.895447723862,0.015081575470552593
7396.298149074538,0.01504563842590174
7401.7008504252135,0.01500977090615446
7407.103551775888,0.014973972867140821
7412.506253126564,0.014938244264109045
7417.90895447724,0.014902585051732316
7423.311655827914,0.014866995184111356
7428.71435717859,0.014831474614781263
7434.117058529265,0.014796023296713957
7439.5197598799405,0.014760641182325014
7444.922461230616,0.014725328223476039
7450.325162581291,0.014690084371481487
7455.727863931967,0.014654909577110955
7461.130565282642,0.014619803790595933
7466.533266633317,0.014584766961632129
7471.935967983993,0.014549799039386076
7477.338669334668,0.01451489997249748
7482.741370685343,0.014480069709085733
7488.144072036019,0.014445308196752245
7493.5467733866935,0.014410615382586891
7498.949474737369,0.014375991213170307
7504.352176088045,0.01434143563458027
7509.75487743872,0.014306948592393978
7515.157578789395,0.014272530031694352
7520.560280140071,0.014238179897072299
7525.962981490746,0.014203898132632939
7531.365682841421,0.014169684681997842
7536.768384192096,0.014135539488311193
7542.171085542772,0.01410146249424201
7547.5737868934475,0.014067453641990222
7552.976488244122,0.0140335128732889
7558.379189594798,0.013999640129410199
7563.781890945474,0.013965835351167664
7569.184592296148,0.013932098478922008
7574.587293646824,0.013898429452583478
7579.9899949975,0.013864828211617488
7585.3926963481745,0.013831294695047028
7590.79539769885,0.013797828841458205
7596.198099049525,0.013764430589002606
7601.600800400201,0.013731099875402825
7607.003501750876,0.013697836637954779
7612.406203101551,0.013664640813533115
7617.808904452227,0.013631512338593641
7623.211605802902,0.0135984511491785
7628.614307153577,0.01356545718091873
7634.017008504253,0.01353253036903926
7639.419709854928,0.01349967064836151
7644.822411205603,0.013466877953308346
7650.225112556279,0.013434152217906557
7655.627813906954,0.013401493375791863
7661.030515257629,0.013368901360211289
7666.433216608305,0.013336376104028179
7671.83591795898,0.013303917539724465
7677.238619309655,0.013271525599405705
7682.641320660331,0.013239200214803279
7688.044022011006,0.013206941317279376
7693.4467233616815,0.013174748837829183
7698.849424712357,0.013142622707085784
7704.252126063032,0.013110562855322352
7709.654827413708,0.013078569212456993
7715.057528764382,0.013046641708054897
7720.460230115058,0.013014780271333137
7725.862931465734,0.012982984831162782
7731.2656328164085,0.012951255316073662
7736.668334167084,0.012919591654256438
7742.07103551776,0.012887993773567342
7747.473736868435,0.012856461601530167
7752.87643821911,0.012824995065341021
7758.279139569786,0.012793594091870239
7763.681840920461,0.012762258607667113
7769.084542271136,0.012730988538961787
7774.487243621811,0.012699783811669885
7779.889944972487,0.012668644351394432
7785.292646323162,0.012637570083430447
7790.695347673837,0.012606560932766762
7796.098049024513,0.012575616824090634
7801.5007503751885,0.0125447376817895
7806.903451725863,0.012513923429955588
7812.306153076539,0.012483173992387572
7817.708854427215,0.012452489292595202
7823.111555777889,0.0124218692538009
7828.514257128565,0.012391313798944363
7833.91695847924,0.012360822850684097
7839.3196598299155,0.01233039633140203
7844.722361180591,0.01230003416320495
7850.125062531266,0.012269736267929135
7855.527763881942,0.012239502567141736
7860.930465232617,0.012209332982145365
7866.333166583292,0.012179227433979452
7871.735867933968,0.012149185843424769
7877.1385692846425,0.012119208131004826
7882.541270635318,0.01208929421699027
7887.943971985994,0.012059444021400292
7893.346673336669,0.012029657464007004
7898.749374687344,0.01199993446433678
7904.15207603802,0.011970274941674611
7909.554777388695,0.01194067881506542
7914.95747873937,0.01191114600331839
7920.360180090046,0.011881676425008194
7925.762881440721,0.01185226999847937
7931.165582791396,0.011822926641847446
7936.568284142071,0.011793646273003309
7941.970985492747,0.011764428809614324
7947.373686843423,0.011735274169128623
7952.776388194097,0.011706182268776209
7958.179089544773,0.011677153025573235
7963.581790895449,0.011648186356323038
7968.984492246123,0.011619282177620406
7974.387193596799,0.011590440405852586
7979.789894947475,0.011561660957203507
7985.1925962981495,0.011532943747654751
7990.595297648825,0.01150428869298976
7995.9979989995,0.01147569570879477
8001.400700350176,0.011447164710462967
8006.803401700851,0.011418695613195428
8012.206103051526,0.011390288332005215
8017.608804402202,0.011361942781718294
8023.011505752877,0.011333658876977596
8028.414207103552,0.011305436532243916
8033.816908454228,0.011277275661799924
8039.2196098049035,0.011249176179751052
8044.622311155578,0.011221138000029463
8050.025012506254,0.011193161036394913
8055.427713856929,0.011165245202438705
8060.830415207604,0.011137390411584461
8066.23311655828,0.011109596577092143
8071.635817908955,0.011081863612058705
8077.03851925963,0.011054191429422142
8082.441220610306,0.011026579941962074
8087.843921960981,0.010999029062303812
8093.246623311657,0.010971538702918858
8098.649324662332,0.010944108776128978
8104.052026013007,0.010916739194106682
8109.454727363683,0.010889429868879221
8114.857428714357,0.01086218071232909
8120.260130065033,0.010834991636197966
8125.662831415709,0.010807862552087195
8131.0655327663835,0.010780793371461697
8136.468234117059,0.010753784005650434
8141.870935467735,0.010726834365850268
8147.27363681841,0.010699944363126417
8152.676338169085,0.010673113908416288
8158.07903951976,0.010646342912529888
8163.481740870436,0.010619631286153657
8168.884442221111,0.010592978939850822
8174.287143571786,0.010566385784065215
8179.689844922462,0.01053985172912162
8185.0925462731375,0.010513376685229522
8190.495247623812,0.01048696056248347
8195.897948974487,0.010460603270866774
8201.300650325164,0.010434304720251848
8206.703351675838,0.010408064820403878
8212.106053026513,0.010381883480981157
8217.50875437719,0.01035576061153869
8222.911455727864,0.01032969612152854
8228.31415707854,0.010303689920303402
8233.716858429216,0.010277741917116879
8239.11955977989,0.010251852021127118
8244.522261130565,0.010226020141396952
8249.924962481242,0.010200246186897608
8255.327663831917,0.010174530066508763
8260.730365182591,0.010148871689022253
8266.133066533268,0.01012327096314211
8271.535767883943,0.01009772779748821
8276.938469234618,0.010072242100596323
8282.341170585294,0.01004681378092173
8287.743871935969,0.010021442746839231
8293.146573286644,0.009996128906646747
8298.54927463732,0.009970872168565324
8303.951975987995,0.009945672440742667
8309.35467733867,0.009920529631253177
8314.757378689344,0.009895443648101394
8320.160080040021,0.009870414399222073
8325.562781390696,0.009845441792483577
8330.96548274137,0.009820525735687901
8336.368184092047,0.009795666136574111
8341.770885442722,0.00977086290281828
8347.173586793397,0.009746115942036926
8352.576288144073,0.009721425161786949
8357.978989494748,0.00969679046956899
8363.381690845423,0.009672211772827411
8368.7843921961,0.009647688978953593
8374.187093546774,0.009623221995285886
8379.589794897449,0.00959881072911292
8384.992496248125,0.009574455087673503
8390.3951975988,0.009550154978159914
8395.797898949475,0.009525910307717787
8401.200600300152,0.009501720983449391
8406.603301650826,0.00947758691241347
8412.006003001501,0.00945350800162851
8417.408704352176,0.00942948415807257
8422.811405702852,0.009405515288686491
8428.214107053527,0.009381601300373773
8433.616808404202,0.009357742100003697
8439.019509754879,0.009333937594411203
8444.422211105553,0.009310187690399993
8449.824912456228,0.009286492294742403
8455.227613806905,0.009262851314182466
8460.63031515758,0.009239264655435753
8466.033016508254,0.009215732225192447
8471.43571785893,0.00919225393011715
8476.838419209605,0.009168829676851904
8482.24112056028,0.009145459372016055
8487.643821910957,0.009122142922209175
8493.046523261632,0.009098880234010934
8498.449224612306,0.009075671213984022
8503.851925962983,0.009052515768673977
8509.254627313658,0.009029413804612104
8514.657328664332,0.009006365228315258
8520.060030015009,0.008983369946288773
8525.462731365684,0.008960427865026198
8530.865432716359,0.008937538891012252
8536.268134067033,0.008914702930722473
8541.67083541771,0.008891919890626222
8547.073536768385,0.008869189677186256
8552.47623811906,0.008846512196861753
8557.878939469736,0.008823887356107856
8563.28164082041,0.008801315061378674
8568.684342171086,0.008778795219126794
8574.087043521762,0.008756327735806299
8579.489744872437,0.008733912517872231
8584.892446223112,0.008711549471783604
8590.295147573788,0.008689238504002843
8595.697848924463,0.00866697952099878
8601.100550275138,0.008644772429246087
8606.503251625814,0.00862261713522823
8611.905952976489,0.008600513545436908
8617.308654327164,0.008578461566374969
8622.71135567784,0.008556461104555862
8628.114057028515,0.008534512066506492
8633.51675837919,0.008512614358766697
8638.919459729865,0.008490767887892044
8644.322161080541,0.008468972560453331
8649.724862431216,0.008447228283039336
8655.12756378189,0.008425534962256329
8660.530265132567,0.008403892504730752
8665.932966483242,0.008382300817108777
8671.335667833917,0.00836075980605895
8676.738369184593,0.008339269378271695
8682.141070535268,0.008317829440461983
8687.543771885943,0.008296439899368815
8692.94647323662,0.008275100661757847
8698.349174587294,0.008253811634420898
8703.751875937969,0.008232572724178518
8709.154577288646,0.008211383837879506
8714.55727863932,0.008190244882403466
8719.959979989995,0.008169155764660284
8725.362681340672,0.008148116391592675
8730.765382691347,0.008127126670175669
8736.168084042021,0.008106186507419108
8741.570785392698,0.008085295810367139
8746.973486743373,0.0080644544861007
8752.376188094047,0.008043662441736968
8757.778889444722,0.008022919584431855
8763.181590795399,0.008002225821379438
8768.584292146073,0.007981581059814434
8773.986993496748,0.007960985207011611
8779.389694847425,0.007940438170288262
8784.7923961981,0.007919939857003585
8790.195097548774,0.007899490174561156
8795.597798899451,0.007879089030408284
8801.000500250126,0.007858736332038473
8806.4032016008,0.00783843198699077
8811.805902951477,0.007818175902852192
8817.208604302152,0.007797967987257085
8822.611305652827,0.007777808147889521
8828.014007003503,0.007757696292482636
8833.416708354178,0.00773763232882104
8838.819409704853,0.0077176161647401105
8844.22211105553,0.007697647708128401
8849.624812406204,0.007677726866926938
8855.027513756879,0.0076578535491315805
8860.430215107555,0.007638027662792328
8865.83291645823,0.0076182491160156655
8871.235617808905,0.0075985178169638385
8876.63831915958,0.007578833673857211
8882.041020510256,0.0075591965949735
8887.443721860931,0.00753960648865016
8892.846423211606,0.007520063263283545
8898.249124562282,0.007500566827331341
8903.651825912957,0.007481117089311667
8909.054527263632,0.007461713957805527
8914.457228614308,0.007442357341455879
8919.859929964983,0.007423047148970082
8925.262631315658,0.007403783289118949
8930.665332666335,0.007384565670739182
8936.06803401701,0.007365394202732414
8941.470735367684,0.0073462687940676315
8946.87343671836,0.007327189353780202
8952.276138069035,0.007308155790974276
8957.67883941971,0.007289168014821824
8963.081540770387,0.007270225934565003
8968.484242121061,0.0072513294595151915
8973.886943471736,0.00723247849905535
8979.289644822411,0.007213672962639024
8984.692346173088,0.007194912759792723
8990.095047523762,0.007176197800114873
8995.497748874437,0.007157527993278218
9000.900450225114,0.007138903249028743
9006.303151575788,0.007120323477188064
9011.705852926463,0.007101788587652355
9017.10855427714,0.0070832984903946945
9022.511255627815,0.007064853095464013
9027.91395697849,0.007046452312987418
9033.316658329166,0.007028096053169115
9038.71935967984,0.007009784226292743
9044.122061030515,0.006991516742720277
9049.524762381192,0.0069732935128943305
9054.927463731867,0.006955114447337096
9060.330165082541,0.006936979456652582
9065.732866433218,0.006918888451525573
9071.135567783893,0.006900841342723854
9076.538269134568,0.00688283804109715
9081.940970485244,0.006864878457579347
9087.343671835919,0.006846962503187414
9092.746373186594,0.006829090089023626
9098.149074537268,0.006811261126274458
9103.551775887945,0.0067934755262128
9108.95447723862,0.006775733200196866
9114.357178589295,0.0067580340596723595
9119.759879939971,0.006740378016171408
9125.162581290646,0.006722764981314685
9130.56528264132,0.006705194866810353
9135.967983991997,0.0066876675844561905
9141.370685342672,0.0066701830461384825
9146.773386693347,0.006652741163834183
9152.176088044023,0.006635341849609758
9157.578789394698,0.006617985015623365
9162.981490745373,0.0066006705741236665
9168.38419209605,0.006583398437452024
9173.786893446724,0.006566168518041265
9179.189594797399,0.006548980728417902
9184.592296148076,0.006531834981200876
9189.99499749875,0.00651473118910376
9195.397698849425,0.006497669264933496
9200.800400200102,0.006480649121592605
9206.203101550776,0.006463670672077897
9211.605802901451,0.0064467338294826575
9217.008504252126,0.006429838506995396
9222.411205602803,0.006412984617901969
9227.813906953477,0.006396172075584356
9233.216608304152,0.006379400793522755
9238.619309654829,0.006362670685294369
9244.022011005503,0.006345981664575458
9249.424712356178,0.00632933364514015
9254.827413706855,0.00631272654086247
9260.23011505753,0.006296160265715149
9265.632816408204,0.006279634733771618
9271.03551775888,0.006263149859204856
9276.438219109556,0.006246705556289324
9281.84092046023,0.006230301739399841
9287.243621810907,0.0062139383230134975
9292.646323161582,0.006197615221708511
9298.049024512256,0.006181332350166153
9303.451725862933,0.006165089623169586
9308.854427213608,0.006148886955605765
9314.257128564283,0.006132724262464298
9319.659829914957,0.006116601458839314
9325.062531265634,0.0061005184599283325
9330.465232616309,0.006084475181034105
9335.867933966983,0.006068471537563493
9341.27063531766,0.006052507445029288
9346.673336668335,0.0060365828190491015
9352.07603801901,0.006020697575347155
9357.478739369686,0.00600485162975316
9362.88144072036,0.005989044898204126
9368.284142071036,0.0059732772967432185
9373.686843421712,0.005957548741521543
9379.089544772387,0.005941859148797019
9384.492246123062,0.005926208434936149
9389.894947473738,0.005910596516412881
9395.297648824413,0.005895023309810375
9400.700350175088,0.005879488731819844
9406.103051525764,0.005863992699242334
9411.50575287644,0.005848535128987546
9416.908454227114,0.0058331159380756075
9422.31115557779,0.005817735043635886
9427.713856928465,0.005802392362908771
9433.11655827914,0.005787087813244439
9438.519259629815,0.005771821312104682
9443.921960980491,0.005756592777061628
9449.324662331166,0.005741402125799567
9454.72736368184,0.005726249276113681
9460.130065032517,0.005711134145911836
9465.532766383192,0.005696056653213335
9470.935467733867,0.005681016716150684
9476.338169084544,0.005666014252968343
9481.740870435218,0.0056510491820244806
9487.143571785893,0.005636121421789732
9492.54627313657,0.005621230890848925
9497.948974487244,0.005606377507899855
9503.35167583792,0.005591561191754982
9508.754377188596,0.005576781861340221
9514.15707853927,0.00556203943569661
9519.559779889945,0.005547333833979109
9524.962481240622,0.005532664975458266
9530.365182591297,0.00551803277951898
9535.767883941971,0.005503437165662201
9541.170585292646,0.0054888780535036555
9546.573286643323,0.005474355362775559
9551.975987993997,0.005459869013325319
9557.378689344672,0.005445418925117256
9562.781390695349,0.005431005018231291
9568.184092046024,0.005416627212864666
9573.586793396698,0.005402285429330617
9578.989494747375,0.005387979588060097
9584.39219609805,0.0053737096096004465
9589.794897448724,0.005359475414617091
9595.197598799401,0.005345276923892223
9600.600300150076,0.005331114058326496
9606.00300150075,0.00531698673893768
9611.405702851427,0.005302894886862374
9616.808404202102,0.00528883842335464
9622.211105552777,0.005274817269787714
9627.613806903453,0.005260831347652632
9633.016508254128,0.005246880578559943
9638.419209604803,0.005232964884238318
9643.82191095548,0.00521908418653627
9649.224612306154,0.00520523840742074
9654.627313656829,0.005191427468978834
9660.030015007504,0.005177651293416384
9665.43271635818,0.005163909803059692
9670.835417708855,0.005150202920354068
9676.23811905953,0.005136530567865595
9681.640820410206,0.005122892668279643
9687.043521760881,0.005109289144402631
9692.446223111556,0.005095719919160537
9697.848924462232,0.005082184915600659
9703.251625812907,0.0050686840568901145
9708.654327163582,0.005055217266317596
9714.057028514258,0.005041784467291872
9719.459729864933,0.005028385583343527
9724.862431215608,0.005015020538123468
9730.265132566285,0.005001689255404648
9735.66783391696,0.004988391659080578
9741.070535267634,0.0049751276731670475
9746.47323661831,0.004961897221800611
9751.875937968985,0.004948700229240327
9757.27863931966,0.004935536619866229
9762.681340670337,0.004922406318181064
9768.084042021012,0.004909309248808748
9773.486743371686,0.004896245336496113
9778.889444722361,0.004883214506111349
9784.292146073038,0.004870216682645756
9789.694847423712,0.004857251791212162
9795.097548774387,0.004844319757046697
9800.500250125064,0.0048314205055071825
9805.902951475739,0.004818553962074915
9811.305652826413,0.004805720052353044
9816.70835417709,0.004792918702068352
9822.111055527765,0.004780149837069635
9827.51375687844,0.004767413383329469
9832.916458229116,0.004754709266942591
9838.31915957979,0.004742037414127656
9843.721860930465,0.004729397751225619
9849.124562281142,0.004716790204701489
9854.527263631817,0.004704214701142696
9859.929964982492,0.004691671167260854
9865.332666333168,0.004679159529890122
9870.735367683843,0.004666679715988944
9876.138069034518,0.004654231652638435
9881.540770385192,0.0046418152670440966
9886.943471735869,0.0046294304865342
9892.346173086544,0.004617077238561513
9897.748874437219,0.004604755450701653
9903.151575787895,0.004592465050654837
9908.55427713857,0.004580205966244212
9913.956978489245,0.004567978125417609
9919.359679839921,0.004555781456245874
9924.762381190596,0.004543615886924593
9930.16508254127,0.004531481345772462
9935.567783891947,0.004519377761232969
9940.970485242622,0.004507305061872775
9946.373186593297,0.004495263176383396
9951.775887943973,0.004483252033579579
9957.178589294648,0.004471271562400971
9962.581290645323,0.004459321691910501
9967.983991996,0.004447402351296049
9973.386693346674,0.0044355134698687996
9978.789394697349,0.004423654977064946
9984.192096048026,0.004411826802444003
9989.5947973987,0.004400028875690535
9994.997498749375,0.004388261126612442
10000.40020010005,0.004376523485142712
10005.802901450726,0.004364815881337668
10011.205602801401,0.0043531382453787515
10016.608304152076,0.004341490507570743
10022.011005502753,0.004329872598343556
10027.413706853427,0.004318284448250442
10032.816408204102,0.00430672598796979
10038.219109554779,0.004295197148303322
10043.621810905453,0.004283697860177892
10049.024512256128,0.004272228054643689
10054.427213606805,0.004260787662876005
10059.82991495748,0.0042493766161734664
10065.232616308154,0.004237994845959776
10070.63531765883,0.004226642283781954
10076.038019009506,0.004215318861312066
10081.44072036018,0.004204024510345471
10086.843421710857,0.004192759162802545
10092.246123061532,0.004181522750726918
10097.648824412207,0.004170315206287199
10103.051525762883,0.004159136461775214
10108.454227113558,0.004147986449607725
10113.856928464233,0.004136865102324663
10119.259629814907,0.004125772352590837
10124.662331165584,0.004114708133194186
10130.065032516259,0.004103672377047467
10135.467733866933,0.004092665017186502
10140.87043521761,0.004081685986771874
10146.273136568285,0.00407073521908717
10151.67583791896,0.004059812647540664
10157.078539269636,0.0040489182056635655
10162.481240620311,0.004038051827111704
10167.883941970986,0.0040272134456637585
10173.286643321662,0.00401640299522296
10178.689344672337,0.0040056204098152986
10184.092046023012,0.003994865623591238
10189.494747373688,0.003984138570823911
10194.897448724363,0.003973439185910837
10200.300150075038,0.00396276740337211
10205.702851425714,0.003952123157852114
10211.10555277639,0.003941506384117719
10216.508254127064,0.003930917017059973
10221.910955477739,0.003920354991692312
10227.313656828415,0.003909820243152248
10232.71635817909,0.0038993127066995715
10238.119059529765,0.003888832317718034
10243.521760880441,0.003878379011713556
10248.924462231116,0.0038679527243159068
10254.327163581791,0.0038575533912769003
10259.729864932468,0.003847180948472081
10265.132566283142,0.0038368353318989196
10270.535267633817,0.003826516477678489
10275.937968984494,0.003816224322053657
10281.340670335168,0.0038059588013907714
10286.743371685843,0.003795719852177834
10292.14607303652,0.003785507411026196
10297.548774387194,0.003775321414668731
10302.95147573787,0.0037651617999615145
10308.354177088546,0.0037550285038820026
10313.75687843922,0.003744921463530718
10319.159579789895,0.0037348406161294106
10324.562281140572,0.0037247858990227516
10329.964982491247,0.0037147572496764865
10335.367683841921,0.003704754605679132
10340.770385192596,0.0036947779047401224
10346.173086543273,0.0036848270846915106
10351.575787893948,0.003674902083486102
10356.978489244622,0.0036650028391991617
10362.381190595299,0.0036551292900265458
10367.783891945974,0.003645281374286402
10373.186593296648,0.0036354590304173056
10378.589294647325,0.0036256621969799497
10383.991995998,0.0036158908126552856
10389.394697348675,0.003606144816246208
10394.797398699351,0.0035964241466756967
10400.200100050026,0.0035867287429884945
10405.6028014007,0.003577058544349252
10411.005502751377,0.0035674134900442003
10416.408204102052,0.003557793519479298
10421.810905452727,0.0035481985721818924
10427.213606803403,0.0035386285877988784
10432.616308154078,0.0035290835060983504
10438.019009504753,0.003519563266967754
10443.42171085543,0.0035100678104155476
10448.824412206104,0.0035005970765693427
10454.227113556779,0.0034911510056775683
10459.629814907454,0.00348172953810761
10465.03251625813,0.003472332614347472
10470.435217608805,0.0034629601750039104
10475.83791895948,0.0034536121608040983
10481.240620310156,0.003444288512593758
10486.643321660831,0.003434989171338818
10492.046023011506,0.003425714078123553
10497.448724362182,0.003416463174152227
10502.851425712857,0.0034072364007472476
10508.254127063532,0.003398033699350788
10513.656828414209,0.003388855011522961
10519.059529764883,0.003379700278943419
10524.462231115558,0.0033705694434095434
10529.864932466235,0.0033614624468380314
10535.26763381691,0.003352379231263089
10540.670335167584,0.003343319738838015
10546.07303651826,0.003334283911833394
10551.475737868936,0.0033252716926386768
10556.87843921961,0.0033162830237603697
10562.281140570285,0.0033073178478236227
10567.683841920962,0.003298376107570408
10573.086543271636,0.0032894577458611072
10578.489244622311,0.003280562705672694
10583.891945972988,0.003271690930100316
10589.294647323663,0.003262842362355479
10594.697348674337,0.0032540169457676207
10600.100050025014,0.0032452146237823016
10605.502751375689,0.0032364353399627734
10610.905452726363,0.0032276790379881697
10616.30815407704,0.00321894566165507
10621.710855427715,0.0032102351548756935
10627.11355677839,0.0032015474616794606
10632.516258129066,0.0031928825262111803
10637.91895947974,0.0031842402927326186
10643.321660830416,0.0031756207056206826
10648.724362181092,0.003167023709368975
10654.127063531767,0.003158449248586005
10659.529764882442,0.0031498972679967078
10664.932466233118,0.0031413677124406784
10670.335167583793,0.003132860526873681
10675.737868934468,0.003124375656365886
10681.140570285143,0.0031159130461033673
10686.54327163582,0.003107472641386353
10691.945972986494,0.0030990543876307087
10697.348674337169,0.003090658230366198
10702.751375687845,0.0030822841152379535
10708.15407703852,0.003073931988004751
10713.556778389195,0.0030656017945404576
10718.959479739871,0.003057293480832327
10724.362181090546,0.0030490069929824367
10729.76488244122,0.0030407422772059777
10735.167583791897,0.003032499279832699
10740.570285142572,0.0030242779473051897
10745.972986493247,0.0030160782261803285
10751.375687843924,0.0030079000631275657
10756.778389194598,0.002999743404930354
10762.181090545273,0.00299160819848446
10767.58379189595,0.002983494390799363
10772.986493246624,0.00297540192899659
10778.3891945973,0.002967330760311098
10783.791895947974,0.0029592808320896137
10789.19459729865,0.0029512520917920142
10794.597298649325,0.002943244486989671
10800.0,0.002935257965366816
