zone,object,component,index,concentration
1,0,0,0,3.854343992178925e-19
1,0,0,1,3.895911873097765e-19
1,0,0,2,3.937928050465388e-19
1,0,0,3,3.9803973590172097e-19
1,0,0,4,4.0233246856297353e-19
1,0,0,5,4.0667149698828903e-19
1,0,0,6,4.1105732046284066e-19
1,0,0,7,4.154904436564343e-19
1,0,0,8,4.199713766815799e-19
1,0,0,9,4.2450063515218983e-19
1,0,0,10,4.290787402429094e-19
1,0,0,11,4.33706218749087e-19
1,0,0,12,4.3838360314739305e-19
1,0,0,13,4.431114316570897e-19
1,0,0,14,4.478902483019648e-19
1,0,0,15,4.5272060297292935e-19
1,0,0,16,4.576030514912945e-19
1,0,0,17,4.625381556727285e-19
1,0,0,18,4.67526483391904e-19
1,0,0,19,4.72568608647842e-19
1,0,1,0,1.439314952026631e-32
1,0,1,1,1.4548375085633462e-32
1,0,1,2,1.4705274709628972e-32
1,0,1,3,1.486386644644567e-32
1,0,1,4,1.5024168544985165e-32
1,0,1,5,1.518619945095769e-32
1,0,1,6,1.5349977809004632e-32
1,0,1,7,1.5515522464843934e-32
1,0,1,8,1.5682852467438646e-32
1,0,1,9,1.5851987071188858e-32
1,0,1,10,1.6022945738147292e-32
1,0,1,11,1.6195748140258738e-32
1,0,1,12,1.6370414161623688e-32
1,0,1,13,1.6546963900786378e-32
1,0,1,14,1.6725417673047483e-32
1,0,1,15,1.6905796012801756e-32
1,0,1,16,1.7088119675900922e-32
1,0,1,17,1.7272409642042004e-32
1,0,1,18,1.745868711718141e-32
1,0,1,19,1.7646973535975085e-32
1,1,0,0,2.3381143728509174e-10
1,1,0,1,3.600418863190166e-10
1,1,0,2,5.400800529219274e-10
1,1,0,3,7.939597546551785e-10
1,1,0,4,1.1484549173107954e-09
1,1,0,5,1.6391548505678404e-09
1,1,0,6,2.3131259179069223e-09
1,1,0,7,3.232311059572351e-09
1,1,0,8,4.477854007132385e-09
1,1,0,9,6.155577731166827e-09
1,1,0,10,8.402897980770663e-09
1,1,0,11,1.1397514172553796e-08
1,1,0,12,1.5368293025074107e-08
1,1,0,13,2.060884707091415e-08
1,1,0,14,2.749441258218544e-08
1,1,0,15,3.6502751801969586e-08
1,1,0,16,4.8239945188371326e-08
1,1,0,17,6.347210336876199e-08
1,1,0,18,8.316421859388666e-08
1,1,0,19,1.0852759478672658e-07
1,1,0,20,1.4107754707207542e-07
1,1,0,21,1.8270334934599317e-07
1,1,0,22,2.357527354706026e-07
1,1,0,23,3.0313362954264284e-07
1,1,0,24,3.884361968038865e-07
1,1,0,25,4.960787724033228e-07
1,1,0,26,6.314817433888388e-07
1,1,0,27,8.012740326196157e-07
1,1,0,28,1.0135374638469037e-06
1,1,0,29,1.2780949764318348e-06
1,1,0,30,1.6068494066343649e-06
1,1,0,31,2.014180359677708e-06
1,1,0,32,2.5174075612235426e-06
1,1,0,33,3.1373299954460006e-06
1,1,0,34,3.898851104945495e-06
1,1,0,35,4.8317013389088065e-06
1,1,0,36,5.971270381876737e-06
1,1,0,37,7.359562465818338e-06
1,1,0,38,9.04628925031771e-06
1,1,0,39,1.1090115834655572e-05
1,1,0,40,1.3560076524184088e-05
1,1,0,41,1.6537177992113305e-05
1,1,0,42,2.011620843488161e-05
1,1,0,43,2.4407772190828124e-05
1,1,0,44,2.9540570052228066e-05
1,1,0,45,3.566394612266343e-05
1,1,0,46,4.295072252682707e-05
1,1,0,47,5.1600343539184005e-05
1,1,0,48,6.184235073237745e-05
1,1,0,49,7.394021052737524e-05
1,1,0,50,8.819551502794731e-05
1,1,0,51,0.00010495257621708645
1,1,0,52,0.00012460343246032768
1,1,0,53,0.0001475932847822721
1,1,0,54,0.00017442637854432567
1,1,0,55,0.00020567234394553577
1,1,0,56,0.00024197300619247184
1,1,0,57,0.00028404967324318524
1,1,0,58,0.0003327109057365329
1,1,0,59,0.0003888607700910698
1,1,0,60,0.00045350757182409043
1,1,0,61,0.000527773061934522
1,1,0,62,0.0006129021047515332
1,1,0,63,0.0007102727910146842
1,1,0,64,0.0008214069751600046
1,1,0,65,0.0009479812108695617
1,1,0,66,0.0010918380539098598
1,1,0,67,0.0012549976961088133
1,1,0,68,0.0014396698889078683
1,1,0,69,0.001648266109067787
1,1,0,70,0.0018834119124090571
1,1,0,71,0.002147959413226842
1,1,0,72,0.002444999816024616
1,1,0,73,0.0027778759104190713
1,1,0,74,0.0031501944160838985
1,1,0,75,0.0035658380268096773
1,1,0,76,0.00402897694193545
1,1,0,77,0.004544079574435126
1,1,0,78,0.005115921963097915
1,1,0,79,0.005749595151170352
1,1,0,80,0.006450509359747101
1,1,0,81,0.007224393074011883
1,1,0,82,0.008077283999997088
1,1,0,83,0.0090155069560258
1,1,0,84,0.010045630677651896
1,1,0,85,0.011174390494470075
1,1,0,86,0.012408555679035574
1,1,0,87,0.013754707029053922
1,1,0,88,0.015218868788115535
1,1,0,89,0.016805904284186587
1,1,0,90,0.01851852853696002
1,1,0,91,0.020355700488246146
1,1,0,92,0.02231001147853186
1,1,0,93,0.02436345154042757
1,1,0,94,0.026480557281424285
1,1,0,95,0.028597338785267146
1,1,0,96,0.03060341127292796
1,1,0,97,0.032313202472557874
1,1,0,98,0.033419622711542765
1,1,0,99,0.03341962271177688
1,1,1,0,7.489807739428358e-32
1,1,1,1,1.2294952260059015e-31
1,1,1,2,2.006112942502206e-31
1,1,1,3,3.255513438593543e-31
1,1,1,4,5.256963662902714e-31
1,1,1,5,8.450469311193631e-31
1,1,1,6,1.3527174336069201e-30
1,1,1,7,2.156952933222114e-30
1,1,1,8,3.4268084369897525e-30
1,1,1,9,5.425597707581839e-30
1,1,1,10,8.56237869064441e-30
1,1,1,11,1.347101781982372e-29
1,1,1,12,2.1131331064040444e-29
1,1,1,13,3.3054282323242115e-29
1,1,1,14,5.156449530885025e-29
1,1,1,15,8.023029156029472e-29
1,1,1,16,1.2451691621512272e-28
1,1,1,17,1.9277673266947044e-28
1,1,1,18,2.9774715451174447e-28
1,1,1,19,4.58812112613666e-28
1,1,1,20,7.054094837887138e-28
1,1,1,21,1.0821551298007337e-27
1,1,1,22,1.656533447401794e-27
1,1,1,23,2.5304178660291783e-27
1,1,1,24,3.857295994592595e-27
1,1,1,25,5.867976003233502e-27
1,1,1,26,8.908879088504902e-27
1,1,1,27,1.3498975565147188e-26
1,1,1,28,2.0414287676188046e-26
1,1,1,29,3.081307989537314e-26
1,1,1,30,4.6420995750341316e-26
1,1,1,31,6.980436041498937e-26
1,1,1,32,1.047729250870621e-25
1,1,1,33,1.5697232246696785e-25
1,1,1,34,2.3475408411647286e-25
1,1,1,35,3.5045105486357694e-25
1,1,1,36,5.222439054777832e-25
1,1,1,37,7.768880477642927e-25
1,1,1,38,1.1536908394317948e-24
1,1,1,39,1.710302595571847e-24
1,1,1,40,2.5311345179350228e-24
1,1,1,41,3.7395748517402704e-24
1,1,1,42,5.515687788129932e-24
1,1,1,43,8.121813717067579e-24
1,1,1,44,1.1939537739785759e-23
1,1,1,45,1.7522987920270413e-23
1,1,1,46,2.5675552094508666e-23
1,1,1,47,3.756012514404812e-23
1,1,1,48,5.485728768442326e-23
1,1,1,49,7.99918924214158e-23
1,1,1,50,1.1645712604149334e-22
1,1,1,51,1.6927724511078088e-22
1,1,1,52,2.4566728432803587e-22
1,1,1,53,3.55972101633315e-22
1,1,1,54,5.150009409069335e-22
1,1,1,55,7.439211334688407e-22
1,1,1,56,1.0729410070750908e-21
1,1,1,57,1.5451049920983376e-21
1,1,1,58,2.22165364876047e-21
1,1,1,59,3.189582181283151e-21
1,1,1,60,4.57228268365596e-21
1,1,1,61,6.5445050602790796e-21
1,1,1,62,9.353356670747996e-21
1,1,1,63,1.3347732593380795e-20
1,1,1,64,1.9019497333382226e-20
1,1,1,65,2.706102103803727e-20
1,1,1,66,3.844544016194015e-20
1,1,1,67,5.453844293318063e-20
1,1,1,68,7.725371695683639e-20
1,1,1,69,1.092687691932764e-19
1,1,1,70,1.5432408222823257e-19
1,1,1,71,2.176371038859151e-19
1,1,1,72,3.0647418183877506e-19
1,1,1,73,4.3093931920652263e-19
1,1,1,74,6.050599535773414e-19
1,1,1,75,8.48278699205384e-19
1,1,1,76,1.1874985272306255e-18
1,1,1,77,1.659880212708721e-18
1,1,1,78,2.3166587608886204e-18
1,1,1,79,3.228334280810037e-18
1,1,1,80,4.4917070564522894e-18
1,1,1,81,6.2393704769598465e-18
1,1,1,82,8.652450630350303e-18
1,1,1,83,1.1977582801992516e-17
1,1,1,84,1.654932337601987e-17
1,1,1,85,2.2819361325482487e-17
1,1,1,86,3.139390827119962e-17
1,1,1,87,4.308028868674227e-17
1,1,1,88,5.8942588246566e-17
1,1,1,89,8.036341926165494e-17
1,1,1,90,1.0910287024447958e-16
1,1,1,91,1.4733363267309633e-16
1,1,1,92,1.9760782926556807e-16
1,1,1,93,2.6266650018600416e-16
1,1,1,94,3.4491940113584044e-16
1,1,1,95,4.45268812382134e-16
1,1,1,96,5.606688761562861e-16
1,1,1,97,6.792980100792124e-16
1,1,1,98,7.712903612397085e-16
1,1,1,99,3.048608647221322e-14
2,0,0,0,0.03342731618831694
2,0,0,1,0.033526493429314186
2,0,0,2,0.033625932354606744
2,0,0,3,0.03372563354213622
2,0,0,4,0.033825597570489814
2,0,0,5,0.033925825019186125
2,0,0,6,0.034026316468664185
2,0,0,7,0.034127072500284385
2,0,0,8,0.03422809369632892
2,0,0,9,0.03432938064000229
2,0,0,10,0.03443093391543175
2,0,0,11,0.034532754107667735
2,0,0,12,0.03463484180268448
2,0,0,13,0.034737197587380364
2,0,0,14,0.034839822049578396
2,0,0,15,0.03494271577802668
2,0,0,16,0.035045879362398925
2,0,0,17,0.03514931339329484
2,0,0,18,0.03525301846224068
2,0,0,19,0.03535699516168957
2,0,1,0,-2.89428030508959e-14
2,0,1,1,1.983467192299628e-15
2,0,1,2,7.417343363764219e-16
2,0,1,3,8.017105132949832e-16
2,0,1,4,8.091312496791438e-16
2,0,1,5,8.187947250146338e-16
2,0,1,6,8.284850388411332e-16
2,0,1,7,8.382932348079843e-16
2,0,1,8,8.482170282115589e-16
2,0,1,9,8.582579270355422e-16
2,0,1,10,8.684173023892527e-16
2,0,1,11,8.7869654770086715e-16
2,0,1,12,8.890970724719463e-16
2,0,1,13,8.996203027282894e-16
2,0,1,14,9.102676812021449e-16
2,0,1,15,9.210406675276162e-16
2,0,1,16,9.319407384378945e-16
2,0,1,17,9.429693879647984e-16
2,0,1,18,9.541281276406375e-16
2,0,1,19,9.654184867024166e-16
2,1,0,0,0.04478606186773315
2,1,0,1,0.04987292164839172
2,1,0,2,0.055414678340678244
2,1,0,3,0.06144020037270489
2,1,0,4,0.06797927762712944
2,1,0,5,0.07506259237127479
2,1,0,6,0.08272168526575467
2,1,0,7,0.0909889161386225
2,1,0,8,0.09989741921395247
2,1,0,9,0.10948105249365869
2,1,0,10,0.11977434100977492
2,1,0,11,0.13081241369163998
2,1,0,12,0.14263093362859067
2,1,0,13,0.15526602155366512
2,1,0,14,0.16875417242709448
2,1,0,15,0.1831321650594115
2,1,0,16,0.19843696478199413
2,1,0,17,0.2147056192468257
2,1,0,18,0.23197514751600878
2,1,0,19,0.2502824226838577
2,1,0,20,0.2696640483588201
2,1,0,21,0.29015622941759617
2,1,0,22,0.31179463752812775
2,1,0,23,0.33461427202016303
2,1,0,24,0.358649316760342
2,1,0,25,0.3839329937617651
2,1,0,26,0.4104974143244387
2,1,0,27,0.43837342856156214
2,1,0,28,0.46759047421608935
2,1,0,29,0.4981764257113426
2,1,0,30,0.5301574444077194
2,1,0,31,0.5635578310538999
2,1,0,32,0.5983998814248245
2,1,0,33,0.6347037461295422
2,1,0,34,0.6724872955496118
2,1,0,35,0.7117659908328718
2,1,0,36,0.7525527618183142
2,1,0,37,0.7948578927057735
2,1,0,38,0.838688916209696
2,1,0,39,0.8840505168504346
2,1,0,40,0.9309444439401685
2,1,0,41,0.9793694347152592
2,1,0,42,1.0293211479541582
2,1,0,43,1.080792108302018
2,1,0,44,1.1337716614018003
2,1,0,45,1.1882459398098102
2,1,0,46,1.2441978395535709
2,1,0,47,1.30160700707478
2,1,0,48,1.3604498361927457
2,1,0,49,1.4206994746271813
2,1,0,50,1.4823258395365473
2,1,0,51,1.5452956414620933
2,1,0,52,1.609572416021213
2,1,0,53,1.6751165626686941
2,1,0,54,1.7418853898431115
2,1,0,55,1.809833165839144
2,1,0,56,1.8789111747956826
2,1,0,57,1.9490677772642886
2,1,0,58,2.020248474921872
2,1,0,59,2.092395979113697
2,1,0,60,2.1654502830553577
2,1,0,61,2.2393487376815626
2,1,0,62,2.3140261313011763
2,1,0,63,2.3894147733964615
2,1,0,64,2.4654445830843263
2,1,0,65,2.5420431829317485
2,1,0,66,2.6191359989795817
2,1,0,67,2.6966463679719954
2,1,0,68,2.7744956529046827
2,1,0,69,2.85260336808775
2,1,0,70,2.9308873149611583
2,1,0,71,3.009263729895273
2,1,0,72,3.0876474451493
2,1,0,73,3.1659520640377172
2,1,0,74,3.244090151157742
2,1,0,75,3.3219734382399473
2,1,0,76,3.3995130457658886
2,1,0,77,3.4766197198873776
2,1,0,78,3.5532040832637874
2,1,0,79,3.6291768969837945
2,1,0,80,3.704449328342258
2,1,0,81,3.778933215132728
2,1,0,82,3.8525413098749306
2,1,0,83,3.925187474422384
2,1,0,84,3.996786771928891
2,1,0,85,4.067255360513034
2,1,0,86,4.136510015358819
2,1,0,87,4.2044669647789705
2,1,0,88,4.271039469075611
2,1,0,89,4.336133105146377
2,1,0,90,4.3996368757159185
2,1,0,91,4.461406735687245
2,1,0,92,4.521235373037175
2,1,0,93,4.578797118152749
2,1,0,94,4.6335479296079685
2,1,0,95,4.684544381738305
2,1,0,96,4.730116867928192
2,1,0,97,4.7672808727098355
2,1,0,98,4.790678442011281
2,1,0,99,4.790678442011128
2,1,1,0,4.1522232056665335e-15
2,1,1,1,6.827263887635957e-15
2,1,1,2,1.1068191940232431e-14
2,1,1,3,1.773021725337349e-14
2,1,1,4,2.811079833892415e-14
2,1,1,5,4.416818295932681e-14
2,1,1,6,6.884376876601439e-14
2,1,1,7,1.0653587931511184e-13
2,1,1,8,1.6379364836646669e-13
2,1,1,9,2.503298470191099e-13
2,1,1,10,3.804944174216487e-13
2,1,1,11,5.754114277661429e-13
2,1,1,12,8.66068429167878e-13
2,1,1,13,1.297768901416334e-12
2,1,1,14,1.9365296281636425e-12
2,1,1,15,2.8782447462154815e-12
2,1,1,16,4.2617733698941035e-12
2,1,1,17,6.287574343196391e-12
2,1,1,18,9.244159189164946e-12
2,1,1,19,1.354552968588136e-11
2,1,1,20,1.978400019591743e-11
2,1,1,21,2.8804498664740624e-11
2,1,1,22,4.180875719566336e-11
2,1,1,23,6.050096087385546e-11
2,1,1,24,8.729071097256007e-11
2,1,1,25,1.2557495777834038e-10
2,1,1,26,1.8012837162409317e-10
2,1,1,27,2.576421066061586e-10
2,1,1,28,3.67464927973353e-10
2,1,1,29,5.226193344189791e-10
2,1,1,30,7.41190047264862e-10
2,1,1,31,1.0482149050346163e-09
2,1,1,32,1.4782511517963001e-09
2,1,1,33,2.0788463374043035e-09
2,1,1,34,2.915216345450428e-09
2,1,1,35,4.076528192830257e-09
2,1,1,36,5.6843081572890846e-09
2,1,1,37,7.903653886754317e-09
2,1,1,38,1.0958131571099684e-08
2,1,1,39,1.5149497243538935e-08
2,1,1,40,2.0883708530599345e-08
2,1,1,41,2.8705106304247692e-08
2,1,1,42,3.934116472036644e-08
2,1,1,43,5.376085698822035e-08
2,1,1,44,7.325049131940288e-08
2,1,1,45,9.95118703256691e-08
2,1,1,46,1.3478885678989802e-07
2,1,1,47,1.820299345438667e-07
2,1,1,48,2.4509618718025843e-07
2,1,1,49,3.2902633865034457e-07
2,1,1,50,4.403731749727331e-07
2,1,1,51,5.87628869240354e-07
2,1,1,52,7.817605439758666e-07
2,1,1,53,1.0368819133245732e-06
2,1,1,54,1.371092145742304e-06
2,1,1,55,1.8075192727127406e-06
2,1,1,56,2.3756126390829317e-06
2,1,1,57,3.1127371426660276e-06
2,1,1,58,4.066131435978432e-06
2,1,1,59,5.295302941789544e-06
2,1,1,60,6.874944530149624e-06
2,1,1,61,8.898471057176938e-06
2,1,1,62,1.1482288681996032e-05
2,1,1,63,1.4770925922513869e-05
2,1,1,64,1.8943172695061127e-05
2,1,1,65,2.4219391954812997e-05
2,1,1,66,3.0870187784291895e-05
2,1,1,67,3.9226633548090346e-05
2,1,1,68,4.969228362382891e-05
2,1,1,69,6.275721169989943e-05
2,1,1,70,7.901433704400452e-05
2,1,1,71,9.917831670536352e-05
2,1,1,72,0.00012410729539229622
2,1,1,73,0.00015482781469864794
2,1,1,74,0.00019256318822589289
2,1,1,75,0.00023876564760164765
2,1,1,76,0.00029515255490008397
2,1,1,77,0.0003637469577700693
2,1,1,78,0.00044692273254006457
2,1,1,79,0.0005474545148099932
2,1,1,80,0.0006685725520395946
2,1,1,81,0.0008140225202205892
2,1,1,82,0.0009881302104708918
2,1,1,83,0.0011958707764901971
2,1,1,84,0.001442941864443609
2,1,1,85,0.0017358392563867064
2,1,1,86,0.0020819322801651973
2,1,1,87,0.002489533367245239
2,1,1,88,0.0029679500102299705
2,1,1,89,0.0035274941296715547
2,1,1,90,0.004179395116714069
2,1,1,91,0.004935500378713073
2,1,1,92,0.0058075117444511375
2,1,1,93,0.006805212834291646
2,1,1,94,0.007932509478700047
2,1,1,95,0.009178742975859413
2,1,1,96,0.010499813572831342
2,1,1,97,0.01177740267260283
2,1,1,98,0.012731264180743973
2,1,1,99,0.012731264180767907
3,0,0,0,5.316959493090579
3,0,0,1,5.318261749943958
3,0,0,2,5.3195628789395535
3,0,0,3,5.3208628790868016
3,0,0,4,5.32216174939735
3,0,0,5,5.323459488884905
3,0,0,6,5.324756096565237
3,0,0,7,5.32605157145619
3,0,0,8,5.327345912577679
3,0,0,9,5.3286391189517115
3,0,0,10,5.329931189602369
3,0,0,11,5.33122212355582
3,0,0,12,5.3325119198403375
3,0,0,13,5.333800577486284
3,0,0,14,5.335088095526126
3,0,0,15,5.33637447299444
3,0,0,16,5.337659708927914
3,0,0,17,5.338943802365346
3,0,0,18,5.340226752347659
3,0,0,19,5.341508557917903
3,0,1,0,1.1361450442364336
3,0,1,1,1.1362036930979615
3,0,1,2,1.1362626261565834
3,0,1,3,1.1363218446331023
3,0,1,4,1.136381349752564
3,0,1,5,1.136441142744288
3,0,1,6,1.136501224841875
3,0,1,7,1.136561597283219
3,0,1,8,1.1366222613105135
3,0,1,9,1.13668321817026
3,0,1,10,1.1367444691132782
3,0,1,11,1.136806015394713
3,0,1,12,1.1368678582740457
3,0,1,13,1.136929999015099
3,0,1,14,1.1369924388860486
3,0,1,15,1.1370551791594308
3,0,1,16,1.1371182211121487
3,0,1,17,1.137181566025486
3,0,1,18,1.1372452151851107
3,0,1,19,1.1373091698810844
3,1,0,0,5.40834691045412
3,1,0,1,5.444379852074066
3,1,0,2,5.4791125577537345
3,1,0,3,5.512536934137448
3,1,0,4,5.544647524609644
3,1,0,5,5.575441442969371
3,1,0,6,5.604918290391321
3,1,0,7,5.633080056497488
3,1,0,8,5.659931005542073
3,1,0,9,5.685477548876005
3,1,0,10,5.709728104998663
3,1,0,11,5.732692948622568
3,1,0,12,5.7543840502696595
3,1,0,13,5.774814907983246
3,1,0,14,5.7940003727789975
3,1,0,15,5.811956469468961
3,1,0,16,5.828700214476974
3,1,0,17,5.844249432221734
3,1,0,18,5.858622571577242
3,1,0,19,5.871838523831008
3,1,0,20,5.8839164434506666
3,1,0,21,5.894875572842342
3,1,0,22,5.904735072141439
3,1,0,23,5.913513854922679
3,1,0,24,5.921230430553347
3,1,0,25,5.927902753745479
3,1,0,26,5.933548081693026
3,1,0,27,5.938182839010804
3,1,0,28,5.94182249052813
3,1,0,29,5.944481421832826
3,1,0,30,5.9461728273150865
3,1,0,31,5.946908605327413
3,1,0,32,5.946699259959484
3,1,0,33,5.945553808827335
3,1,0,34,5.943479696197595
3,1,0,35,5.940482710710737
3,1,0,36,5.936566906934875
3,1,0,37,5.931734529974785
3,1,0,38,5.92598594238101
3,1,0,39,5.9193195526520705
3,1,0,40,5.9117317446996775
3,1,0,41,5.9032168077534655
3,1,0,42,5.893766866317163
3,1,0,43,5.88337180995339
3,1,0,44,5.8720192228674595
3,1,0,45,5.859694313481596
3,1,0,46,5.846379844436631
3,1,0,47,5.8320560637277445
3,1,0,48,5.816700637969538
3,1,0,49,5.80028858909045
3,1,0,50,5.7827922360722415
3,1,0,51,5.764181143671756
3,1,0,52,5.744422080382095
3,1,0,53,5.723478988202181
3,1,0,54,5.701312967079155
3,1,0,55,5.6778822771573845
3,1,0,56,5.653142362203402
3,1,0,57,5.627045897765587
3,1,0,58,5.5995428677625805
3,1,0,59,5.570580673264225
3,1,0,60,5.540104277222969
3,1,0,61,5.508056388823332
3,1,0,62,5.474377690933797
3,1,0,63,5.439007113860863
3,1,0,64,5.401882158215353
3,1,0,65,5.362939269201007
3,1,0,66,5.322114264024754
3,1,0,67,5.279342813408784
3,1,0,68,5.234560977361334
3,1,0,69,5.187705794445365
3,1,0,70,5.138715922787041
3,1,0,71,5.087532330008472
3,1,0,72,5.0340990281823395
3,1,0,73,4.978363848831375
3,1,0,74,4.920279251996246
3,1,0,75,4.859803162569201
3,1,0,76,4.796899826591183
3,1,0,77,4.731540680295404
3,1,0,78,4.663705225780731
3,1,0,79,4.593381910060341
3,1,0,80,4.520569010143431
3,1,0,81,4.4452755380242985
3,1,0,82,4.367522199911348
3,1,0,83,4.2873424806174
3,1,0,84,4.20478398879266
3,1,0,85,4.119910312623814
3,1,0,86,4.032803835349354
3,1,0,87,3.9435703090781704
3,1,0,88,3.8523465943179365
3,1,0,89,3.759314032363672
3,1,0,90,3.664721758228462
3,1,0,91,3.568927451794224
3,1,0,92,3.472468542342807
3,1,0,93,3.3761864051213855
3,1,0,94,3.281442492991816
3,1,0,95,3.1904935456609134
3,1,0,96,3.1071413970515813
3,1,0,97,3.037855733301331
3,1,0,98,2.9937097021544363
3,1,0,99,2.9937097021544306
3,1,1,0,1.1395711913621889
3,1,1,1,1.1414661320740018
3,1,1,2,1.1435707792124352
3,1,1,3,1.145903070507317
3,1,1,4,1.1484817856025016
3,1,1,5,1.151326498237431
3,1,1,6,1.1544575154740373
3,1,1,7,1.15789580337525
3,1,1,8,1.1616628986881188
3,1,1,9,1.1657808062549746
3,1,1,10,1.1702718820693119
3,1,1,11,1.1751587021071455
3,1,1,12,1.180463917297451
3,1,1,13,1.186210095243749
3,1,1,14,1.1924195495692262
3,1,1,15,1.1991141580259508
3,1,1,16,1.2063151707794375
3,1,1,17,1.214043010548167
3,1,1,18,1.2223170665374408
3,1,1,19,1.231155484352418
3,1,1,20,1.2405749542999018
3,1,1,21,1.2505905006863753
3,1,1,22,1.261215274884727
3,1,1,23,1.272460355068344
3,1,1,24,1.2843345555936652
3,1,1,25,1.2968442490461483
3,1,1,26,1.3099932039462294
3,1,1,27,1.3237824410384882
3,1,1,28,1.3382101109572788
3,1,1,29,1.353271395874862
3,1,1,30,1.3689584374948147
3,1,1,31,1.385260293455948
3,1,1,32,1.4021629238640854
3,1,1,33,1.4196492092753714
3,1,1,34,1.4376990010216537
3,1,1,35,1.456289204303055
3,1,1,36,1.475393893983476
3,1,1,37,1.4949844625205873
3,1,1,38,1.5150297989525774
3,1,1,39,1.535496497359878
3,1,1,40,1.5563490927314256
3,1,1,41,1.5775503217022122
3,1,1,42,1.5990614052016165
3,1,1,43,1.6208423496697972
3,1,1,44,1.64285226317057
3,1,1,45,1.6650496824609744
3,1,1,46,1.68739290687654
3,1,1,47,1.7098403347612465
3,1,1,48,1.7323507981157524
3,1,1,49,1.754883891157939
3,1,1,50,1.7774002885856455
3,1,1,51,1.7998620495009998
3,1,1,52,1.8222329031949578
3,1,1,53,1.8444785132946515
3,1,1,54,1.86656671713798
3,1,1,55,1.8884677376521473
3,1,1,56,1.9101543654660762
3,1,1,57,1.9316021094719271
3,1,1,58,1.952789314557272
3,1,1,59,1.973697245747053
3,1,1,60,1.9943101385123907
3,1,1,61,2.0146152155114168
3,1,1,62,2.034602670515766
3,1,1,63,2.054265620736247
3,1,1,64,2.073600029184003
3,1,1,65,2.092604599082387
3,1,1,66,2.1112806426735298
3,1,1,67,2.129631927037764
3,1,1,68,2.1476644997602623
3,1,1,69,2.165386497435436
3,1,1,70,2.1828079400952864
3,1,1,71,2.199940514683753
3,1,1,72,2.2167973506768797
3,1,1,73,2.2333927908713913
3,1,1,74,2.2497421602361487
3,1,1,75,2.265861535546368
3,1,1,76,2.281767518305259
3,1,1,77,2.2974770132071667
3,1,1,78,2.313007014116564
3,1,1,79,2.328374399232819
3,1,1,80,2.343595736784474
3,1,1,81,2.358687102244499
3,1,1,82,2.3736639076594273
3,1,1,83,2.388540743179881
3,1,1,84,2.4033312301049183
3,1,1,85,2.418047883294172
3,1,1,86,2.4327019776192222
3,1,1,87,2.447303405626886
3,1,1,88,2.4618604953395313
3,1,1,89,2.476379712203901
3,1,1,90,2.4908650583105723
3,1,1,91,2.5053167082216072
3,1,1,92,2.5197277454311435
3,1,1,93,2.5340761997535712
3,1,1,94,2.548305491800521
3,1,1,95,2.562276325995854
3,1,1,96,2.5756483524044222
3,1,1,97,2.5875892392634174
3,1,1,98,2.596059943347642
3,1,1,99,2.5960599433476754
4,0,0,0,2.9934241741203276
4,0,0,1,2.7314787001087306
4,0,0,2,2.467975914151211
4,0,0,3,2.206587503679648
4,0,0,4,1.9510718760571288
4,0,0,5,1.7050839490206193
4,0,0,6,1.4719838922223993
4,0,0,7,1.2546629971231547
4,0,0,8,1.0554033801955842
4,0,0,9,0.8757843882481493
4,0,0,10,0.7166429814796373
4,0,0,11,0.5780889463008558
4,0,0,12,0.45956958416615884
4,0,0,13,0.3599734857079715
4,0,0,14,0.2777598020960388
4,0,0,15,0.21109835228496862
4,0,0,16,0.1580068430973339
4,0,0,17,0.11647399418099055
4,0,0,18,0.08456082598226489
4,0,0,19,0.06047611739162245
4,0,1,0,2.5961201063516715
4,0,1,1,2.649194579218659
4,0,1,2,2.70002806497382
4,0,1,3,2.746848110558661
4,0,1,4,2.7872051984287713
4,0,1,5,2.8179499740665106
4,0,1,6,2.835305140716425
4,0,1,7,2.8350681608107036
4,0,1,8,2.812958020605343
4,0,1,9,2.7650851721507856
4,0,1,10,2.6884868284796006
4,0,1,11,2.581641017304127
4,0,1,12,2.4448620472554823
4,0,1,13,2.2804924758481877
4,0,1,14,2.092840695052467
4,0,1,15,1.8878607964543868
4,0,1,16,1.6726204345022353
4,0,1,17,1.4546408227211354
4,0,1,18,1.2412121075952385
4,0,1,19,1.0387842047917135
4,1,0,0,0.023665812966861887
4,1,0,1,0.003798264031561021
4,1,0,2,0.0010054847645988554
4,1,0,3,0.000398224428126248
4,1,0,4,0.00015757379767804527
4,1,0,5,5.448916006212806e-05
4,1,0,6,1.6346425423812747e-05
4,1,0,7,4.321778479262457e-06
4,1,0,8,1.0252616601462656e-06
4,1,0,9,2.2360962599172205e-07
4,1,0,10,4.852247191488692e-08
4,1,0,11,1.4795300575295107e-08
4,1,0,12,1.0535445291683024e-08
4,1,0,13,1.2501179880153601e-08
4,1,0,14,1.641770024184573e-08
4,1,0,15,2.176639921776453e-08
4,1,0,16,2.877550162359104e-08
4,1,0,17,3.788389509057983e-08
4,1,0,18,4.9669216371977294e-08
4,1,0,19,6.486114697743705e-08
4,1,0,20,8.437417696060576e-08
4,1,0,21,1.0934999492207557e-07
4,1,0,22,1.4120919119302717e-07
4,1,0,23,1.8171368486884942e-07
4,1,0,24,2.330417824789976e-07
4,1,0,25,2.978781120871539e-07
4,1,0,26,3.7952101917100165e-07
4,1,0,27,4.820103870182107e-07
4,1,0,28,6.102792603448141e-07
4,1,0,29,7.703331086359812e-07
4,1,0,30,9.694610666606393e-07
4,1,0,31,1.2164840344407555e-06
4,1,0,32,1.522045107701306e-06
4,1,0,33,1.8989484417384022e-06
4,1,0,34,2.3625533250426973e-06
4,1,0,35,2.931230951185588e-06
4,1,0,36,3.626892124518434e-06
4,1,0,37,4.475594911969236e-06
4,1,0,38,5.508242053068812e-06
4,1,0,39,6.761378755246772e-06
4,1,0,40,8.278102321814519e-06
4,1,0,41,1.0109095874724337e-05
4,1,0,42,1.2313799230430363e-05
4,1,0,43,1.4961730750715079e-05
4,1,0,44,1.81339747054672e-05
4,1,0,45,2.192484933411978e-05
4,1,0,46,2.6443771358666804e-05
4,1,0,47,3.181733316489518e-05
4,1,0,48,3.819160921021732e-05
4,1,0,49,4.573470841653861e-05
4,1,0,50,5.4639589345486424e-05
4,1,0,51,6.512715481232372e-05
4,1,0,52,7.744964225633095e-05
4,1,0,53,9.189432563356643e-05
4,1,0,54,0.00010878754381913672
4,1,0,55,0.00012849906948955104
4,1,0,56,0.00015144683119408818
4,1,0,57,0.0001781019998134452
4,1,0,58,0.00020899444884483624
4,1,0,59,0.0002447185959496021
4,1,0,60,0.0002859396309613189
4,1,0,61,0.00033340013309173015
4,1,0,62,0.00038792707740437305
4,1,0,63,0.0004504392277678212
4,1,0,64,0.0005219549104667951
4,1,0,65,0.0006036001594481431
4,1,0,66,0.0006966172208022926
4,1,0,67,0.000802373400494909
4,1,0,68,0.0009223702354840225
4,1,0,69,0.001058252964017871
4,1,0,70,0.001211820265804305
4,1,0,71,0.0013850342363404579
4,1,0,72,0.0015800305510864244
4,1,0,73,0.001799128762846202
4,1,0,74,0.0020448426571728255
4,1,0,75,0.0023198905617190864
4,1,0,76,0.002627205459450819
4,1,0,77,0.002969944681489647
4,1,0,78,0.003351498835068071
4,1,0,79,0.003775499426397048
4,1,0,80,0.004245824319619758
4,1,0,81,0.004766599654313426
4,1,0,82,0.005342196000200441
4,1,0,83,0.005977215156510528
4,1,0,84,0.00667646177773558
4,1,0,85,0.007444890399292643
4,1,0,86,0.008287512594398952
4,1,0,87,0.00920923954614458
4,1,0,88,0.010214620061280658
4,1,0,89,0.011307409443368539
4,1,0,90,0.01248986500340859
4,1,0,91,0.013761600220945126
4,1,0,92,0.015117727134328546
4,1,0,93,0.01654585221370793
4,1,0,94,0.018021227733519173
4,1,0,95,0.019498939584756698
4,1,0,96,0.0209013399023469
4,1,0,97,0.022097860244633553
4,1,0,98,0.022872632995077954
4,1,0,99,0.022872632995244037
4,1,1,0,0.5347460789877294
4,1,1,1,0.11149945848255825
4,1,1,2,0.0199306950372936
4,1,1,3,0.003172256248925082
4,1,1,4,0.0004689129411552105
4,1,1,5,7.009493748411997e-05
4,1,1,6,1.2616141762248829e-05
4,1,1,7,3.1813756595621335e-06
4,1,1,8,1.0218264333988079e-06
4,1,1,9,3.477574151462915e-07
4,1,1,10,1.1416547284878957e-07
4,1,1,11,3.50952943186438e-08
4,1,1,12,1.0034054573265997e-08
4,1,1,13,2.6689006681258156e-09
4,1,1,14,6.620241175921912e-10
4,1,1,15,1.5361828528364136e-10
4,1,1,16,3.345335726293038e-11
4,1,1,17,6.858556409883934e-12
4,1,1,18,1.3277661262796323e-12
4,1,1,19,2.4340105185613185e-13
4,1,1,20,4.2360820362463353e-14
4,1,1,21,7.016028429705981e-15
4,1,1,22,1.1083251545912552e-15
4,1,1,23,1.6733296377389086e-16
4,1,1,24,2.4191120476408012e-17
4,1,1,25,3.3546764387855033e-18
4,1,1,26,4.469609554520346e-19
4,1,1,27,5.730155947758252e-20
4,1,1,28,7.078637104488584e-21
4,1,1,29,8.437104350056403e-22
4,1,1,30,9.716935689139463e-23
4,1,1,31,1.0860468662000279e-23
4,1,1,32,1.2320383499677427e-24
4,1,1,33,2.2085816932634723e-25
4,1,1,34,1.6072944187540078e-25
4,1,1,35,2.231238738929664e-25
4,1,1,36,3.313743540448105e-25
4,1,1,37,4.936038011200153e-25
4,1,1,38,7.34160539594016e-25
4,1,1,39,1.090031318192696e-24
4,1,1,40,1.6155558553245396e-24
4,1,1,41,2.3902689456422454e-24
4,1,1,42,3.530369995189342e-24
4,1,1,43,5.205338232939213e-24
4,1,1,44,7.661949938111045e-24
4,1,1,45,1.125893692498911e-23
4,1,1,46,1.6516919051019573e-23
4,1,1,47,2.419022482294512e-23
4,1,1,48,3.537002743589846e-23
4,1,1,49,5.163221172749182e-23
4,1,1,50,7.52490320976658e-23
4,1,1,51,1.0949159753944974e-22
4,1,1,52,1.5906147249177332e-22
4,1,1,53,2.307055317497328e-22
4,1,1,54,3.340904964144971e-22
4,1,1,55,4.830448718511085e-22
4,1,1,56,6.973198761034818e-22
4,1,1,57,1.0050823419868033e-21
4,1,1,58,1.4464383641301473e-21
4,1,1,59,2.0784061440573937e-21
4,1,1,60,2.9819231857354928e-21
4,1,1,61,4.271704808914015e-21
4,1,1,62,6.110092792424494e-21
4,1,1,63,8.72647907145157e-21
4,1,1,64,1.2444506753232819e-20
4,1,1,65,1.7720103576159033e-20
4,1,1,66,2.519457915493538e-20
4,1,1,67,3.5768636671621366e-20
4,1,1,68,5.070537493126396e-20
4,1,1,69,7.177340875522589e-20
4,1,1,70,1.0144541312667657e-19
4,1,1,71,1.431731015187346e-19
4,1,1,72,2.0176742068602784e-19
4,1,1,73,2.8392330178887486e-19
4,1,1,74,3.9894260231855184e-19
4,1,1,75,5.597281511557026e-19
4,1,1,76,7.841476805567721e-19
4,1,1,77,1.096900933869578e-18
4,1,1,78,1.5320688843805556e-18
4,1,1,79,2.136583727050615e-18
4,1,1,80,2.9749352658646646e-18
4,1,1,81,4.135526306388633e-18
4,1,1,82,5.7392077935088066e-18
4,1,1,83,7.950660433976778e-18
4,1,1,84,1.0993430365325224e-17
4,1,1,85,1.5169538910258783e-17
4,1,1,86,2.0884597784236856e-17
4,1,1,87,2.8679122529314486e-17
4,1,1,88,3.9265956698808825e-17
4,1,1,89,5.3571840095866817e-17
4,1,1,90,7.277712997952833e-17
4,1,1,91,9.833957470110238e-17
4,1,1,92,1.319722797299043e-16
4,1,1,93,1.7551608878902796e-16
4,1,1,94,2.305907098308116e-16
4,1,1,95,2.9780567339225586e-16
4,1,1,96,3.751230946840228e-16
4,1,1,97,4.546199781475061e-16
4,1,1,98,5.162743075634351e-16
4,1,1,99,-3.270479924228479e-14
