Elapsed Time,Objective Value,D_corr,L_Suc,L_Glu,S_Suc,S_Glu
131.31023144721985,2260.938244751316,80.0,0.0487,38.96,0.1005,39.0
271.14187383651733,2228.399432267965,80.0,0.051135,38.96,0.1005,39.0
474.8472590446472,2229.593423213326,80.0,0.0487,40.908,0.1005,39.0
606.0378873348236,2186.9911279281537,80.0,0.0487,38.96,0.10552500000000001,39.0
739.3043022155762,2185.7009149807086,80.0,0.0487,38.96,0.1005,40.95
867.1230230331421,2429.566460892842,84.0,0.0487,38.96,0.1005,39.0
1002.0944328308105,2022.0459533560384,76.0,0.04967399999999999,39.739200000000004,0.10251000000000005,39.78
1132.5597712993622,1859.0314357952434,72.0,0.050161,40.1288,0.10351500000000008,40.17
1263.791165113449,2006.0121389790702,76.80000000000001,0.05025839999999999,40.20672000000001,0.10371600000000003,40.248000000000005
1393.8710639476776,1961.50361326755,75.52000000000001,0.05088175999999999,37.97820800000001,0.10500240000000002,40.74719999999999
1510.9038722515106,1880.0216979492575,73.72800000000001,0.04834546399999998,39.53349120000002,0.10680336000000004,41.44608000000001
1616.6044607162476,1800.9952851400285,71.2192,0.05063864959999997,39.76288768000001,0.10228970400000006,42.42451200000001
1722.215351819992,1659.1262820704774,66.8288,0.051607974399999965,40.16433152000002,0.10067205600000012,44.13676800000002
1826.9131712913513,1625.8820841376387,65.95072000000002,0.05180183935999997,40.24462028800003,0.10738352640000012,41.74921920000001
1934.4480991363525,1428.737194559202,58.92608000000001,0.05335275903999996,40.88693043200004,0.11082528960000021,42.14882880000002
2041.3830156326294,1539.3481379882924,62.00115199999999,0.051481182975999955,39.269984460800025,0.10701124224000019,43.211550720000005
2145.0940544605255,1418.2123539604813,57.87361279999999,0.051097592166399954,42.01520704512002,0.10652837913600022,43.698091008000034
2246.455801963806,1178.3767794960515,49.050419199999965,0.05120550824959992,44.03370656768003,0.1072913687040003,45.173536512000055
2347.059121131897,1202.297681693747,49.79458047999998,0.054777905866239957,42.26000999219203,0.10492262261760035,44.49019361280004
2447.8279678821564,969.0708134772575,42.64041267199998,0.05480913221273591,42.517185189068854,0.10877403166464039,47.49435105792004
2548.1646320819855,501.62788169062327,27.96061900799998,0.05713319831910388,43.71137778360328,0.11140354749696058,51.15652658688006
2648.386934518814,652.5321293877769,32.26434027519997,0.05557224738037751,43.900472174510156,0.11590957226342455,46.33548649267206
2748.608108997345,417.6913697970033,25.19726358527997,0.05733546456612854,46.64701431919419,0.1131297180327942,48.51027808174089
2848.233439207077,149.78640860305094,6.795319377919952,0.060262605361192836,50.33552924839127,0.1161889559291912,51.15964176261133
2947.2730252742767,138.22337573805083,7.42003133644792,0.058227827030605694,48.809507874550675,0.1114611372044706,53.17732518678541
3046.831113100052,257.38271266142493,1.0,0.060665361025908554,52.770796595826,0.11177906100670576,58.69157338017811
3145.947997570038,257.9186886783031,1.0,0.05818264867011198,50.05622746730213,0.11997921002161857,54.310813003579526
3244.7013907432556,259.365722226183,1.0,0.06454590245495685,50.691539251662974,0.12268560046226593,57.28238070101129
3344.34082531929,258.4535065455548,1.0,0.06376862535401098,53.54120047569397,0.11677780818237823,60.49918840367498
3443.256807565689,259.16747634127194,1.0,0.06486184522924746,57.66222394343713,0.12343353722300926,59.41521303618495
3542.5341942310333,160.59678929888506,5.886140285747149,0.05757551820311074,53.4703363520871,0.11245065896200127,54.1424918561232
3641.7774176597595,129.2046525192728,7.840596400046008,0.05434504461836544,44.822896623772934,0.1073095708968547,49.90057104892482
3741.97576546669,138.74290641538178,11.260894600069012,0.04908664431292442,38.40323296394084,0.0992475877337774,45.14325005529474
3843.9458060264587,119.7304761168265,10.576834960064414,0.051668832199343706,45.45659855074767,0.1101780050232763,44.577148739534735
3944.520056247711,255.49486614123512,15.365252440096619,0.04561893562201008,41.414297588274536,0.10687810344372534,36.61612890746463
4044.4858775138855,168.4697145819225,14.407568944090176,0.054649282294935375,47.10171999251771,0.10305612118469906,46.87205843401226
4146.161109685898,119.07437799531462,11.055676708067633,0.05553262388872953,47.8403468612138,0.10728689339392895,48.73174707640408
4246.589685678482,127.23909002948923,11.589243227271222,0.05443925503618413,41.435615311383415,0.10851916601708744,44.87608166958097
4347.671842575073,154.28451830416438,12.597633674838924,0.04942282774809856,41.01045684027612,0.10171295308505598,45.345507725880694
4449.7469708919525,128.79096424589991,8.245897952149695,0.05755266095791926,48.00426114636248,0.11256995521815741,49.70610825342867
4561.735216617584,142.60584408507142,12.30326836259167,0.05118753964961113,42.214379522841426,0.10688429901525132,41.93933752836389
4662.224409103394,124.18493760103708,8.640840592983857,0.05646775518535706,47.16072578662336,0.11031692765716578,50.367828272180034
4762.514791250229,125.5239452787961,12.202800976168723,0.055919406288648055,47.136122438759344,0.11223880802699163,45.40299455552659
4862.562552690506,155.6741178257942,13.380260633672643,0.05205848808138573,43.607502433128545,0.10684596482922262,43.87621187186191
4962.51610827446,119.04377230482798,9.529488622530433,0.05617911773878588,46.905071468054,0.11113895762092371,48.24863415803698
5061.817969322205,120.19706959812099,9.213013516654804,0.05586783908416157,52.36393073077586,0.11194467067182709,50.055259451092
5161.517714500427,134.20611302404336,7.403540783951735,0.05436706094990304,48.754546920206536,0.10810737371985712,51.38925252337255
5261.278436183929,118.38437920214686,11.002985928114477,0.0555313199539618,47.54072855912114,0.11120594945020801,46.89955904748808
5361.965827226639,125.16292222695458,11.910359301188848,0.053444137960635935,48.881944681341636,0.11038486280689985,45.037111116842325
5462.976904153824,118.98080415643888,9.458220270035104,0.05571185087917678,47.59103051030293,0.1103339114445993,49.03514898334561
5569.682285070419,126.20487635217164,11.43626907887002,0.053981658779837516,41.76957964899995,0.10811281610134738,44.94163575083178
5691.285153627396,117.63659231604106,9.768827407208608,0.055396294008080556,49.71534296033188,0.11098670702920715,48.77685352602694
5808.496972084045,118.89060870253822,9.74924461431809,0.059671650388150116,50.380409592861824,0.11020296255227058,52.09962837698595
5925.043441295624,124.84749617910695,8.747830028815052,0.057463469298532514,49.01268637505491,0.11426050184495455,49.29218256034934
6042.940376281738,117.18605555132439,10.478715038254489,0.05601533524118028,48.13343173967408,0.10903029550668536,48.8718559473904
6160.35120344162,116.72241544685049,10.653708680641877,0.05675146244943394,50.43930587686274,0.10956497277226443,50.024584194457816
6266.609537363052,117.50278046313667,11.2158187096976,0.05703763480475796,52.20642308126712,0.10877798034793479,50.91255921266824
6365.673482656479,117.54369292570436,11.20317239737991,0.05763457393714588,50.89265698123775,0.1100624434796549,49.63384345359407
6464.163283824921,122.40581724887831,11.493719166321654,0.052859943847770874,48.30817685402921,0.11013718474293738,45.58305009059697
6562.985195398331,117.13230737047515,10.185363252318982,0.057968723753055305,49.86235140815367,0.11018651809993728,50.4704838053887
6661.211585998535,117.51810306036126,9.912928782207068,0.05797523580159659,52.07650702738291,0.10872642530489163,52.211489323255094
6759.7249574661255,117.66974596767211,11.20472785311232,0.05914183846488425,50.84635825299257,0.1080415550361663,51.7080491636075
6858.105432033539,116.93552696576721,10.127802518684536,0.05633268012228148,49.998096783497054,0.11025041903094694,49.50965243542208
6957.253483533859,119.34380389617336,9.34023491146287,0.05638280100987317,49.31122015299043,0.10904100880623536,50.80138282877158
7055.493150234222,116.78006019458088,10.737438025900651,0.057321630705327704,50.49729777417592,0.10980708481130001,49.925728297388446
7155.006250858307,118.21420557857404,10.960282224113143,0.055780697106914905,47.49568640556249,0.110809290783562,47.309432548763894
7253.7379059791565,116.90044300136404,10.174767142683587,0.05742660112792616,50.9313018719278,0.10924714167455922,50.985975129632294
7352.499876976013,116.80792896601591,10.272916809837366,0.05830510402202955,52.5579097461728,0.11059215904891778,51.49471359752533
7452.519331455231,116.44270813489432,10.601290018780226,0.05648626761774423,51.90721341290086,0.10959819283525808,50.305777656381686
7551.687872886658,116.54888192111659,10.809253402010846,0.05574503955008871,52.92964441527445,0.10930403020291848,50.22342458187818
7651.078041791916,116.57551048004491,10.848245752452943,0.058183746246703145,52.53511468931901,0.10927340142597287,51.58505911473215
7750.4488644599915,116.86200476216456,11.070672572361635,0.057392683288569266,52.24343472784474,0.11028718268292607,50.34837001456188
7849.7160103321075,116.59697732501634,10.846696214942124,0.057401162748408494,51.91540151386551,0.11002717243083435,50.50777129332948
7949.0143411159515,118.24080275384875,11.202034667249762,0.056152603885017464,50.359823560676816,0.1087161706613341,49.4448546249905
8047.510363817215,116.48946696547628,10.505196274190464,0.057766978987776524,52.0083881997988,0.11012316195202186,50.98224885439163
8146.220684528351,116.321369364768,10.6446167505024,0.05731421651469883,53.02487170292284,0.10962767575524061,51.436448147928644
8244.936638593674,116.19710847136655,10.598206112803275,0.05731050941938441,54.28865866729629,0.1095379712272109,52.19180807319873
8347.975372314453,116.23668497248518,10.706145068625737,0.05810800355857278,54.62260471640945,0.10985898717625478,52.204481802355645
8447.05572605133,116.34864791808765,10.45693707579893,0.057741039583663945,54.229390360424254,0.10932951341585306,52.399978907094436
8545.410962581635,116.34607137086896,10.29886406762651,0.05678137342015362,54.28738745341284,0.11010572921666657,51.64865900263669
8644.06084561348,116.06778506969276,10.559380663263408,0.056803898452031085,55.725713644378686,0.10924899559647548,52.51803332227526
8743.527045249939,115.94168673702703,10.58647285779988,0.05632235818415837,57.584376366668636,0.10881191241870228,53.28592555621708
8842.828843355179,116.32189122625628,10.457360054281509,0.05801904604862903,58.097753612783734,0.10945945254661697,54.38656368021933
8940.259692668915,115.96359197176248,10.601882188655832,0.05687547666869534,57.32292196620413,0.10978010761832754,53.08699633875656
9038.95698595047,116.11113056775149,10.881162445239983,0.05787278413162234,58.479138678332056,0.10887364317817837,54.413651177662246
9137.815899848938,116.30809948218061,10.892187414968372,0.05657660673634427,54.82132654518047,0.10928559610085255,51.68658149905678
9235.632239341736,116.1122590806594,10.783480574796656,0.05693721656441546,55.64043331208128,0.10932906021229363,52.36157704434741
9334.33222579956,115.87782445148203,10.674336603092513,0.056019334428737605,58.703606879823504,0.1086740906856303,53.93150147371716
9432.644998073578,115.7905497374389,10.658432370325897,0.05497499986382001,60.74410796153053,0.1080816424403181,54.79501130939792
9530.423964262009,115.8780618581214,10.806366061924024,0.0558826247457002,61.61973264663037,0.10841257511991709,54.98545649735375
9629.31545329094,115.89389342156092,10.63024579478159,0.05583408087318305,62.65967773566501,0.10825489209788375,55.865239307407634
9728.116262197495,115.71118570596894,10.432197264154905,0.054083032002600444,61.49318799234741,0.10846280869988116,54.39380042599093
9826.087445735931,115.69858150218666,10.207714673612365,0.052188155938089495,63.00021264935508,0.10825739146073257,54.38387505015527
9923.68650650978,115.75784815929066,10.553810514721672,0.0532054111732851,64.92032097773574,0.10694725779669398,56.239206749456116
10021.98260807991,115.79832141894822,10.556154908346336,0.05251175085347276,67.59324442169806,0.1071695911475159,57.221590009291205
10119.54697227478,115.64935445705198,10.482745616790528,0.05167109615656397,64.49136972711491,0.10729249108818734,55.18481653885408
10217.796710014343,115.72563396684299,10.408995527794996,0.04958960379825442,65.40721572283987,0.10681129058333916,54.844605154577295
10316.053245544434,115.7170378448201,10.177177171594696,0.049937940848392315,66.67996964834335,0.10668677445346206,56.14434336550809
10414.682952404022,115.65443889699439,10.275797230471728,0.0522792907385876,60.341147963933764,0.10773663174824172,53.4773111960574
10512.865151882172,115.75773502494098,10.020465712550497,0.048737758078147383,67.02910042506261,0.106686576178609,55.376809850614464
10610.908246278763,115.78971078728026,9.911749647286253,0.04872028553062721,63.69639918778813,0.1077166881749991,53.5876556510196
10709.011814832687,115.66170616720053,10.393295297862817,0.052084129762620626,64.61434053024884,0.10713961539127026,55.576318974846984
10807.078954458237,115.74147325918284,10.594226283582358,0.05452648729955421,60.62171578253577,0.10815858547814858,54.52985619955426
10906.252598762512,115.65477648702459,10.450786140824393,0.0530793049942025,62.22356194316748,0.10779058315326367,54.74159461231931
11005.651802778244,115.74562179791228,10.546958412230033,0.054582850187633355,59.18828347718468,0.10859991068321617,53.20122318338514
11104.11755490303,115.64784891134074,10.26962248175353,0.05109916818320258,64.80704810555368,0.10716505851090058,55.408563319977354
11202.462537050247,115.73300263096719,10.54118403346883,0.051897039995981414,63.59077465865239,0.10659236049601287,55.37156680666679
11300.476557970047,115.64117481493301,10.291082013576482,0.05211537695256248,63.147853151679406,0.10784113371955265,54.63079798928315
11398.660479068756,115.61756913552382,10.314718095503846,0.05201356504742702,61.39005182633085,0.10799074389678812,53.80091448774954
11498.207237005234,115.65009165890064,10.27542949432436,0.05197828268983021,59.77790747437186,0.10841630814954706,52.91321224420082
11596.393754959106,115.61540273733631,10.202800034414052,0.05059209383713497,63.447426366677576,0.10741984043220448,54.25936680044929
11694.831403970718,115.65722464320325,10.078806981208881,0.049348488258601206,64.05935857843264,0.10723446907167489,54.018252894514276
11794.028997421265,115.66280796450351,10.348590066343643,0.05071722933216881,66.5723517070088,0.10734707531081156,55.83647245846798
11892.535516500473,115.62090158953745,10.293995439439707,0.0518887753869829,61.898948899702525,0.10763924263888418,54.06710151166004
11991.59983587265,115.73919499221469,10.066141609084518,0.05141249560636002,61.3851616128627,0.10792991659114462,53.68188110479369
12089.667878866196,115.61462135736556,10.378594614864024,0.051606446019012986,63.71481769855186,0.10745184746392666,54.80908268033898
12187.414167642593,115.62387089106777,10.322853597365715,0.05218733471404556,60.632591071623196,0.10817206474964189,53.21834206781505
12284.823732852936,115.62044666251792,10.314102699058456,0.051199909049278916,61.28568119347501,0.1076283619530255,53.431125029922015
12382.798570156097,115.6230539445548,10.278830755946316,0.050732981021889154,64.06217932227193,0.10707994980428967,54.928694136232885
12480.756622314453,115.61017895404187,10.289836466301166,0.05109656944492825,63.20478225960975,0.10735297854062771,54.50110611912842
12578.507707118988,115.60461511516874,10.30602532461691,0.050714657972129956,63.3181548381555,0.10749826627574478,54.25353653537526
12676.942287921906,115.62233405132926,10.31204026720551,0.050127599264703476,64.027757807382,0.10742777809417506,54.34675404723288
12775.448882579803,115.63736099730967,10.282687115221542,0.051209423878974356,64.74441200225519,0.10745710869069122,55.21847761929459
12873.496940135956,115.605649486688,10.306248803099226,0.051202287756702776,62.150363895670054,0.10758554863744194,53.87796317726516
12971.496601343155,115.63272302844366,10.278684001814309,0.05007125696453654,64.94416619713503,0.1069326486431901,54.879507637273306
13069.956849575043,115.60554432626189,10.305709572081462,0.0515279880267044,62.2785804190319,0.10772622008338861,54.07056277513048
13168.279574871063,115.62107516950836,10.431765877971062,0.05186708585065638,62.41925327773005,0.10762610396824743,54.34553371444603
13266.62942123413,115.60592283815647,10.260041495303305,0.05091084184051532,63.19038309444069,0.10747140631621521,54.28090852894847
13364.994504451752,115.61857335448873,10.208550049696804,0.05057449199737929,61.9420881042113,0.10760192047744066,53.584548174000126
13463.203315019608,115.60587922583059,10.33608347357222,0.05134845751360456,63.27163529996672,0.10748936571730516,54.502949053754264
13561.936641454697,115.5973028739373,10.315807001168084,0.05118512379893455,62.47886475929618,0.10775534427141058,53.89326190906104
13662.100894927979,115.5951412097075,10.328792268601543,0.051229400975937686,62.11590600913938,0.10795652713680201,53.58933980402736
13763.49482369423,115.60426174804161,10.373102281485234,0.05149827505751643,62.06347309034473,0.1078309648240578,53.83683200927253
13890.35980296135,115.60828643776945,10.311867826381533,0.051120586401991935,61.4989560009699,0.1079496450656689,53.34834466667405
14021.165663480759,115.60125541463866,10.330029561774548,0.051291489735701405,62.82846547521751,0.1076044355543961,54.21429795698421
14150.183279275894,115.59368924079166,10.351214800324652,0.051302436950493184,62.891468037085545,0.10786101691231378,54.10786445505077
14279.333618164062,115.58972134529523,10.373697798937364,0.05135251154738839,63.26202010779329,0.10799875104974971,54.22281509394358
14408.563335180283,115.6015974557498,10.378949322084779,0.050906546088765145,63.15662738922826,0.10782935785291156,53.97616578471069
14539.025048971176,115.59414069288714,10.407803168536477,0.05179663138999366,62.05244199053376,0.10818974829142207,53.68224372420009
14669.260916233063,115.5862629015301,10.354606566488648,0.05113235683759809,63.302711298420164,0.1080005631300548,54.03711293627384
14798.366937875748,115.58359544637322,10.345358708990354,0.05094939772763893,63.922330402457874,0.10808536228305332,54.137253399774494
14927.500092744827,115.59354022223341,10.335323280651338,0.051741226461898895,62.51583820482847,0.10810457187325775,53.96221420686122
15056.311300754547,115.57311648081685,10.38636052851228,0.05153617750544163,62.718949210683604,0.10852954869931784,53.62324853453849
15185.720834970474,115.56062477155909,10.414526011881147,0.051658521390311754,62.66419107841665,0.10899210527177869,53.32772382331564
15314.637837409973,115.5731885937015,10.42189131899713,0.05176991443095498,63.650822704472645,0.10859168837090258,54.14356029521065
15444.56171131134,115.57928839219821,10.348515679246455,0.05119199723328352,64.35363900865383,0.10851924324807473,54.235183003442145
15573.753830909729,115.57048307805915,10.42627252656964,0.051027710469932125,64.62536311588924,0.10877028821616586,54.064400039413385
15703.423813343048,115.55313666553438,10.408927899336526,0.05128650495346014,64.42451841616281,0.10918472390624037,53.740433130518966
15832.15449666977,115.54179188325354,10.426542949536106,0.05125350165649603,65.00576757034759,0.10977771033448569,53.49924214880667
15960.696506500244,115.53733830047463,10.469740685501836,0.05181126034475242,64.19758298865412,0.10977505189350972,53.5707903243009
16090.191894769669,115.51751130104925,10.531931673757576,0.05224219165330918,64.33520928175224,0.11061989669873795,53.28755878656409
16219.860959768295,115.52551188026969,10.53995011305018,0.05198873860711811,63.75890249169754,0.11018143230875359,53.093811033882034
16349.070631504059,115.51443347407096,10.513797990920732,0.05149835107991192,64.50495071076865,0.11074488476106611,52.765534037582086
16480.72360777855,115.50348020969084,10.559751326882534,0.05136256940439041,64.93201471391666,0.11182148295614786,52.076520908767804
16632.65389752388,115.49076920796134,10.562808303473378,0.05237449861471806,63.653070938563005,0.11178676281179567,52.04954264112112
16782.504931926727,115.47828344294382,10.631076191925246,0.05304789268711102,63.166924849899885,0.11329500010961058,51.042113941975
16920.11331295967,115.46932116054707,10.66117489017951,0.052299436213058145,65.81533648462892,0.11328610369131559,51.87197490468262
17048.835967302322,115.46184154062972,10.784499329328689,0.05261989362443134,67.39090918773505,0.11543310290108405,51.14410044536612
17177.046587705612,115.4411378309298,10.792340504441583,0.05325101273404799,64.42781663965297,0.1147626556552479,50.75839989781535
17306.55233669281,115.43226907974177,10.975239281894321,0.05424976827282396,64.13884117430567,0.11725512831562901,49.387978772319684
17435.158485651016,115.44714697220145,10.853049008465169,0.05342018764970825,65.82665719134627,0.1171884120837302,49.68149810811505
17563.958385944366,115.48218117399585,10.989514381640806,0.05363793300207681,65.84692956512916,0.11937735384774273,48.04532608405337
17692.515714645386,115.4733013902052,11.133599950419157,0.05542770069007015,65.61609007344975,0.1211981159469708,47.64388603196389
17821.009286403656,115.45439411328898,10.761471123172225,0.053868244167581084,64.60883942556549,0.11437054989506712,51.51450483584253
17949.595629692078,115.43511105849556,11.172067285386579,0.054786425074734885,67.86560997106099,0.1208831235473819,48.70667333546791
18077.58798146248,115.47998452143328,10.684930460879638,0.052150106825641654,66.31625270655562,0.11285401075018611,52.53001616688063
18205.390588998795,115.43623739303968,11.021432578034277,0.054608302223963026,65.79113073172621,0.11911208964777463,48.865418565693076
18333.29212975502,115.45022341717139,11.12880438145234,0.05575327733109314,63.90152220986684,0.12009061849474911,48.11832900160918
18461.392512321472,115.52662081153234,11.298765890920851,0.05525894005334822,66.40066508575691,0.12344119894063882,46.38945427743943
18589.546250343323,115.42668724095083,10.895794815109381,0.054215918139022864,65.05679584061335,0.11663821215646004,50.233242196241754
18717.811246156693,115.4572212674991,10.838228806103551,0.052758963213008034,67.57009175375416,0.11634016780564121,50.63159538952581
18846.924847126007,115.43026558138546,11.056160487615143,0.05500469880157187,64.81866459583867,0.11915300582247214,48.746645598588344
18977.152117967606,115.41604525859405,11.195228770750711,0.05572585735513838,65.24175973407165,0.1200282117121569,48.694485279209246
19108.28256559372,115.42878718516413,11.366318651893483,0.05687869220785344,64.94931100543434,0.12144811152637028,48.20097886475634
19237.546025037766,115.40698591023612,11.096363678268178,0.05498476483335375,65.05753779462992,0.11847098297386537,49.442191507037705
19365.992690086365,115.40534475499102,11.133829228385128,0.05517299613804913,64.69074132608176,0.11815042963691072,49.73057797771003
19495.00175333023,115.47909596269538,10.930433748115295,0.0549612704079076,61.713111097303454,0.11560687151006965,50.01049859415971
19623.98205804825,115.41551149138496,11.111658901068758,0.054830136408028064,66.32748525262161,0.11956406053805384,49.03262965014086
19752.24457025528,115.40980169581859,11.181829599277329,0.05573007446390016,66.31533752538516,0.12015843963079245,49.187053508436406
19881.462711572647,115.39715294048982,11.151176038221378,0.05526529420008357,66.23418327567074,0.11866273564727743,50.004549846106954
20010.02828526497,115.40003124556338,11.198683813524493,0.05539559189933943,66.94194261558678,0.11841760055968006,50.633501969866245
20138.975609064102,115.40536976159581,11.413694199971937,0.05647382528705684,66.46700700491903,0.12198733870961649,48.426476308399636
20267.47652745247,115.39103396893546,11.2016464160191,0.05526307324370873,66.77214201979967,0.11938098995290346,49.8580296371083
20396.382242679596,115.39279238414943,11.204855238653291,0.0550316811879939,67.53733316266369,0.11905737907327671,50.43980181605784
20526.391570568085,115.39039442523875,11.321211291681191,0.0563319689250913,65.86427920812096,0.1197719128929464,49.85004526096367
20654.383324861526,115.40298948742999,11.42598748698741,0.05708288518362291,65.63267618587065,0.1198758390703927,50.25875306637508
20783.055188894272,115.4045204356829,11.306793270434166,0.055672788653695654,65.69600360845172,0.11902292310506937,49.96081810367903
20910.57532763481,115.415514137923,11.032168297924445,0.054608623177194504,65.23593277033092,0.11600825778442646,51.335132021827555
21038.70217013359,115.39387066730893,11.318312724460064,0.056007524759591254,66.159238446272,0.12049256847831899,49.153640236756615
21167.647214651108,115.39066375017616,11.385826667941235,0.056243263774819086,67.59959729724426,0.12078202239369554,49.8002552561358
21296.120636940002,115.40867129170326,11.244475984895022,0.05597166130762192,67.35577249039133,0.1206131686409874,49.50578999114951
21409.372635126114,115.39249194269705,11.29121394904938,0.05574750681717722,66.11094582893662,0.11942048448904888,49.84706107554665
21507.653230190277,115.38759680567884,11.45610838143901,0.05657204080807146,66.76829784447867,0.12127645563548788,49.39906274049747
21605.521228790283,115.39502180404861,11.608574553047827,0.057225414112065415,67.03535512888263,0.1225833156295931,49.09631918769273
21703.771737098694,115.3881591275465,11.344089957991901,0.05605561666795586,67.08686643316007,0.1197601776673139,50.348141351344154
21801.422001361847,115.38620064812902,11.392339136979592,0.056438878550681346,67.52552729218485,0.12096813892788999,49.85515262287312
21899.04035758972,115.39246533902521,11.442901730944694,0.0567845644174334,68.23281802380896,0.12174196614731053,49.85919839653636
21997.032102823257,115.39628696741265,11.558183758394074,0.0573936342469389,67.16568521027585,0.12164249305403003,49.843033255617385
22096.296629428864,115.38648311509571,11.290780751612843,0.05579571349451627,66.87052781741872,0.1199463657281851,49.85428054173558
22194.020243167877,115.38325682960036,11.335985139940583,0.05623442360370742,66.04660214090106,0.11990719794703375,49.92241775082981
22292.823571443558,115.38549402280326,11.311064375940255,0.056230003518151606,65.27010456272944,0.11946978572370287,49.98349899817683
22390.702082157135,115.38396716837313,11.40651005550438,0.05610670032488165,67.8548494031364,0.12097142146941785,49.90157674194839
22488.817036390305,115.38337500486489,11.40859942819866,0.056403486044787426,66.93945536608778,0.12146765421589192,49.22485480780959
22587.290269851685,115.38688226582633,11.277577423455414,0.055819639999358184,67.32648696341286,0.12002785567987957,50.10425024558113
22685.604964733124,115.38347601521393,11.322210162951315,0.056007740201536496,67.18693968367931,0.12034000566878164,49.92795336931022
22783.53949856758,115.37837353205937,11.455476817816969,0.05668077799572145,67.35082173697705,0.12151540156342094,49.67850157537286
22880.947393655777,115.37631770003188,11.53782485091903,0.05712331024632403,67.59096869675622,0.12229991948103885,49.59061209219149
22978.937128543854,115.37661163664065,11.412112718025993,0.05631138561781346,66.72199882403945,0.12102634058497563,49.571813281962676
23076.87751364708,115.37982082064151,11.400182864509851,0.05672543796078589,65.93953648144915,0.12104502568967089,49.39348377889314
23175.856930732727,115.38097634489884,11.515671837686334,0.057111477187830786,66.10848492001413,0.1219584494986628,49.153319315364485
23274.486037254333,115.37623466989047,11.472111536234056,0.05699892780179722,66.02358105917621,0.12102711906466085,49.82780367988704
23372.34391951561,115.38088552916763,11.503867590251751,0.0572966486803021,65.5656439057204,0.1208068514890453,50.12927811592576
23471.47386789322,115.37229796304486,11.599176383009521,0.05747379192211313,66.90722585167302,0.12303554378056988,49.092395108489725
23570.42137145996,115.37359106812092,11.730772004543994,0.05809347608131599,67.337537707059,0.12459971669733794,48.677383787319684
23668.950238466263,115.3724080233022,11.452891503393047,0.056741664231702696,67.16483944522348,0.12141512994170367,49.83712386120516
23766.864030838013,115.37232781712733,11.589463932122808,0.05713419396711431,67.8239090692982,0.12247659545150864,49.774415430601294
23864.61810898781,115.37184517396965,11.648474564245392,0.05787736964980708,67.4822108248114,0.12307538250281716,49.677126786987216
23962.288873910904,115.37700779828779,11.766655487355091,0.058660361665803906,67.86231682519738,0.12409990346173794,49.72978353949949
24060.128355503082,115.36715997886621,11.567022316682898,0.057367068782689754,66.56973780331668,0.12211198881546523,49.69293385467668
24158.080646038055,115.3663908487989,11.58162104956483,0.057488948050872624,66.0591223565969,0.12201802348267843,49.744094735919276
24255.855632305145,115.36787118436517,11.676539436700185,0.05768745932684673,68.15134195986501,0.1237811509990503,49.42225868939403
24354.106163024902,115.36956255796046,11.785218642864045,0.05832304093499886,67.40468457967434,0.12433954854494611,49.246992439351445
24452.26926255226,115.36657089684954,11.726948098430782,0.058406049986741045,66.5779251597501,0.1240232642725161,49.098731673455376
24549.799180984497,115.36332827036648,11.76834433371257,0.0584393552575934,67.36288810060609,0.12385940414023333,49.783286621553216
24647.281494379044,115.36564620723101,11.852928309064097,0.058922136925333546,67.59071922507263,0.12427133432006504,50.12873237808495
24744.96054339409,115.35997158136686,11.766994060263576,0.05826057177301397,66.74017403778555,0.12413317407295255,49.24101887688212
24844.232817173004,115.3605532913431,11.826253808272664,0.0584521728346174,66.36915564427261,0.12466206985802025,49.02296492182958
24942.04799437523,115.3570336635378,11.622960148604733,0.05778991282302824,66.55189606616712,0.12278645824202616,49.668763799530154
25039.721684217453,115.35544785465133,11.54183090147508,0.05752334876704293,66.12550180941352,0.12200991309056619,49.8796494796195
25137.59340286255,115.37015417027227,11.677755940678551,0.058359850207258854,64.99490262579586,0.12263636062452835,49.67645386557777
25235.497838020325,115.36157652757926,11.676843562694778,0.05785555704694976,67.36223212634772,0.1234949534054198,49.48580748343996
25333.255224466324,115.35704136688624,11.607305464653553,0.05742106237144803,66.8820422125498,0.12218292300422402,50.154811205510256
25430.763033390045,115.35251943579769,11.76290627955499,0.058311010035546604,67.73001295808419,0.1242541236026799,49.67373473088276
25535.413145303726,115.35289290506465,11.853548894550073,0.05872204102788359,68.56545825882785,0.1253721736626806,49.63855472836451
25643.954562187195,115.3507231459577,11.574007773744224,0.05730926474000711,66.57309715706626,0.12257063073010366,49.59072208898063
25741.950750112534,115.35153963184715,11.476839493760053,0.05674421948121397,66.17820168529636,0.12192624402503882,49.49443982269432
25839.953987121582,115.3460071063347,11.62437422918179,0.05767454602787372,66.25809914361201,0.12256535239479072,49.93016706931014
25938.175776958466,115.34252407160604,11.598139562425295,0.0575840405183357,65.70603265224418,0.12210055188947616,50.15234686224524
26036.09326982498,115.35123065098756,11.466681932477682,0.05699891879993818,66.46650067795761,0.12111408285386743,50.53948687001322
26140.819353103638,115.3412532455692,11.570121115217354,0.05766957077290017,66.15841588935652,0.12263679786245328,49.77956480718629
26240.752501487732,115.3393434356777,11.551528940499253,0.05779382497362624,65.79660272775988,0.12286373529156788,49.591941608024314
26339.064340353012,115.3311796327416,11.639474894005495,0.0576754748599386,66.78339665983131,0.12315133665651182,49.93964338443895
26439.958748817444,115.32083578544,11.688296890270706,0.05775153790638643,67.1123440850402,0.12372204843948464,49.96964033684867
26538.54677939415,115.34113853491287,11.388555760211872,0.05666402473977088,64.93181796194307,0.12069429607912002,50.263920375562066
26636.44129729271,115.32653878957746,11.653529638382858,0.05784215835131237,65.5814571556638,0.12366642211803347,49.28794163865115
26734.14875483513,115.3133399335207,11.57801254297177,0.05774496985576555,65.07820467599421,0.12264819079696923,50.11559423955195
26832.127467393875,115.30260462780944,11.580014927585545,0.057962822413644755,64.3307584354582,0.12268697083040203,50.378030314837616
26929.94814682007,115.31086006679092,11.546630900354799,0.05762170683556059,65.39515949410188,0.12335283721396709,49.64424284732429
27028.226732969284,115.2963098046305,11.81944475862539,0.05892479545244127,66.35471079726653,0.125822509478262,49.28479832271236
27126.07919573784,115.28695941632975,12.034889257832148,0.06005518080877645,67.06615721492827,0.12838661617783298,48.795237296287496
27223.399085760117,115.26740956408953,11.849815705271169,0.05869953755264601,65.99774782631707,0.12586222262032018,49.63809536555539
27320.99815940857,115.2373925627363,11.998959087657127,0.0591523938421559,66.09832037559568,0.1273614662846963,49.66117224432094
27418.963996887207,115.2483807736759,11.885986787097272,0.059175298371297286,66.41963868638587,0.12653755346051976,50.09138757719646
27516.691086292267,115.23013953221114,11.93029549394005,0.059835423002187554,64.61166959754777,0.1276081291474826,49.45838777513805
27614.431989192963,115.20499103167404,12.051294795774723,0.0608773655500881,63.36133235380157,0.1295511695014816,49.202761494282754
27715.836691617966,115.18104331800322,12.273827042023928,0.061267517558824425,65.51532333236597,0.13045667328800595,49.607192723445806
27814.709790468216,115.12292103433828,12.637425112858494,0.06309042292045636,65.57540525149801,0.13400859132502535,49.58866766150655
27912.53485250473,115.13918205276066,12.66340708890236,0.06297744218346489,67.07758311742558,0.13565118786942038,48.55766019460006
28010.379249334335,115.09709988879779,12.459939891083842,0.06205398833820858,64.34675469895441,0.1328573711986244,50.0454223724752
28108.111632585526,115.04326872502851,12.672465207709692,0.06305339210292465,62.987053440967486,0.1350927487090201,50.67051491056907
28205.947104215622,115.03097194092075,12.923433730063687,0.0644851082683387,63.62023912932946,0.13812851201533777,48.980923024915285
28304.093895435333,114.95402125838368,13.442157201546895,0.06714001321685942,62.22053935080126,0.1439239912927468,48.425690748774684
28401.972183942795,114.9216188235235,13.387740675059739,0.06770306054736147,62.390445030201874,0.1439296091943814,48.916945759572315
28499.62460374832,114.7972824546161,14.082131468761048,0.07197839389996424,60.53650735750497,0.15221368064922397,48.54483251719802
28597.622617959976,114.7943232405943,14.14773963613667,0.07041850017937973,63.997503053477345,0.15080491043669308,49.11218491877659
28695.473741292953,114.63460232658535,15.19596205631764,0.07518906749402554,64.31558840331525,0.16143178090429883,49.066896631023496
28793.020738840103,114.76700152744998,14.548649329975145,0.0732030736702272,59.17645440420921,0.15501712928270567,49.96098079302867
28891.846196889877,114.62617234771625,15.339120992865674,0.07713515323314407,58.119051931221264,0.16506314101017283,49.07889857873103
28989.605919599533,114.63246684335348,16.689968932869263,0.08415751838948793,54.390875271082905,0.1805904158527466,48.82401403734326
29087.694014310837,114.49743606910073,16.370743212076867,0.08280488850276355,58.76020313785328,0.17596714054663914,47.360404796933295
29185.593741178513,114.42307306813404,18.21988221426045,0.092680636702683,56.64677798629617,0.19640433646544864,45.70534974011542
29284.65832734108,114.26688718652485,17.51214122332509,0.08893451678315822,57.29721268221749,0.18812803603199318,48.51709255526397
29382.734689712524,114.05676506281173,19.547133234214193,0.09983176856630763,54.83554934792562,0.21023005840161635,48.56279345850862
29481.04520201683,114.24004863309578,19.0581676622922,0.09523748596659076,56.700861471682046,0.20304489777647294,48.405135163364875
29579.996312856674,114.01263782810884,20.395457134004918,0.10282657111487319,57.07067725196693,0.21945255654049817,46.36664863566871
29678.22424674034,113.98521246658308,23.318861036019804,0.11763831983719616,56.01778867584579,0.25167027016939436,44.56948255698873
29776.835196495056,114.72884972639976,22.99730399954329,0.11782027822834312,48.61242336187313,0.24913330062494327,45.461767168059964
29879.582263231277,114.30841627089764,17.146297542124053,0.08584687017760494,60.38979714295472,0.18335716083445994,48.16561426528261
29978.583881616592,114.03809623474912,23.577015682698608,0.11935887926700894,55.71725791866048,0.2528195484487841,45.08445149497307
30076.80447268486,113.66116826169652,22.83910784867909,0.11448469282320037,56.8177238365313,0.24404443778684248,48.209641035531746
30175.525989055634,113.41005307223887,25.148720665888412,0.12538672088345904,56.90319676164887,0.2678644884475394,49.46178668323989
30295.52407026291,114.00762995694238,27.113661770321222,0.13713439963062007,51.68006452735041,0.29089454446306295,46.26784547754747
30395.41740179062,113.75835307518145,28.42398929336469,0.14450254930724596,53.36068142089043,0.30634666619568596,45.17340870513823
30493.53353214264,114.6434599821023,31.485766145102893,0.15777657900390443,54.636046373832784,0.33760814868817035,43.65999650864633
30591.779977798462,113.77623857730087,22.53179146193637,0.11431797117570683,54.78567360440241,0.24207458097325485,47.337094221043046
30689.9823346138,113.42451709126814,27.037794008313583,0.1362331050666823,53.38170407739469,0.2907206716507908,48.03939556260988
30787.784341335297,113.39685942825724,23.47080081588792,0.11809706687749605,58.09955328872246,0.2525761265116032,47.56462161406044
30885.31594824791,113.44193205854337,21.64937033867126,0.10857840050093404,61.309297669408494,0.23341691753587335,48.21300968231694
30983.301567554474,113.16883034602499,27.326377462136584,0.1377766454870399,54.59453498537775,0.2921627433421553,50.46104015744787
31080.96145939827,113.08619132062408,29.330135675194967,0.14784580831196176,53.88290814014374,0.3124089799285358,53.406818957677444
31178.806456804276,112.93977089687273,30.832784721523456,0.1545081290030312,55.46554387111765,0.3298921921204072,50.121318388047314
31276.784529924393,112.79905217809667,34.983281351317,0.17460320791669343,55.80547900447526,0.37380099769398334,51.51343047154944
31375.259660959244,113.14009671331222,27.564303713276054,0.1363638143152711,57.8684550880636,0.2926018394972951,54.82101261051662
31473.514480113983,112.92088425315768,29.16110288031215,0.1446855422552703,59.642132835826885,0.30898030118079195,54.667672572207664
31571.348201036453,112.63191278755335,32.65512910850682,0.163251454987218,57.216214581243904,0.34828280947734447,55.327635807164754
31669.624235391617,112.53758393703231,36.40833332981602,0.18218382203909744,57.37272349104143,0.388491969992247,58.26056036912718
31768.02716588974,113.06882917907896,39.50806196407855,0.19617581105782156,55.7291261350979,0.41793750880553815,61.503176378370895
31866.11099100113,112.64411523936668,40.19206236701141,0.2018338623170667,55.10449275457049,0.42804606354314334,56.91965088905643
31964.912198781967,112.63074869172668,42.77100108181908,0.211947089922418,59.57867354826104,0.4544937565577457,59.73897731444718
32062.919607639313,112.47072996534897,33.8982504400317,0.16992559872239676,59.27227451857215,0.3635877267816263,50.93694026818426
32160.83751487732,113.05154023996741,31.09334467800828,0.15680049255468442,61.04384871030928,0.3364128357696705,45.65382221309093
32259.083589553833,112.76464936177474,46.140068547685935,0.23151189011179857,55.211324490941266,0.4943879046467064,56.280151152738114
32357.289533138275,112.5021085297691,44.78060495522866,0.22435769732841754,58.81031651687928,0.4778019709146042,61.3410815258718
32456.845405101776,112.77563247155013,33.08003232187681,0.16458733801996,60.8440678407885,0.3505806904690402,58.59873299393661
32557.230512857437,112.4927864215478,42.87505949123366,0.21478075208883893,56.619510328403074,0.45843610110228983,56.85979661303774
32656.92687010765,112.29009086688109,40.10123735224024,0.19944412172340079,61.556906606692294,0.4290785465962619,57.93529154721084
32757.406146526337,112.29570736766973,40.055824844854655,0.19824925142656785,64.78311353275319,0.42959478812282104,58.44311187628804
32858.61771082878,112.10621479765871,36.45439314560103,0.18432970683844258,57.87401903637425,0.392464769597066,54.39449081492555
32957.13005614281,112.01470587438229,33.29608917749201,0.1705210152964548,57.02169178043084,0.3614502761167262,51.722247565164736
33055.78137874603,112.23448335816538,41.5721632366745,0.20942785202470604,59.939556409349635,0.4476498786123564,53.257582638660566
33154.3834297657,112.64966798923442,31.916514923840175,0.1612820386139014,58.953659340499925,0.3462790407691001,46.94366192703146
33253.2921936512,112.26386965509349,41.56458244738154,0.2085887826497885,58.84615222278444,0.44492123837822817,57.741726626161714
33352.17058467865,112.07673317439583,33.29786957029434,0.16838219607785984,62.03512228672866,0.3602389654917898,51.77771884511511
33451.701929330826,111.93034416009968,42.034526273601344,0.2126199883864872,60.48749720382219,0.45374783529651874,58.03688662074093
33551.508640527725,112.01027979081242,46.102664190386164,0.23396718321853238,61.09510854644719,0.49882788955396506,61.58685979701926
33649.81597280502,111.85260166810602,36.604854929937254,0.18837181205071782,57.775101354554025,0.39812473096198586,51.07917337112637
33748.60916638374,111.98554244319813,34.856663718785754,0.18283565721437628,55.884198728484904,0.3826478231448478,47.65111428308413
33847.00457620621,111.88256518407009,33.157618827818226,0.17114036288470183,60.057435391169705,0.3635634362135226,48.60771699016137
33945.425176143646,111.95413074040808,29.784220274982758,0.1549862978537826,59.01118279733254,0.32720021901986096,51.23191471826284
34043.93261504173,111.57562145521605,36.6530542232383,0.19067359451099788,55.70604112419506,0.401395633551656,52.493456861067365
34142.53659296036,111.50334517193491,38.33064654971028,0.20181929372756696,52.54150054292826,0.421973967581589,52.85132586904349
34241.18829536438,111.36749724682099,38.66865756492794,0.20105408666484775,58.927395135491835,0.42439379951266476,53.00055946256927
34340.05553293228,111.183369466444,41.35494175864591,0.21632062234904426,59.880246813022325,0.45586556121063415,53.63971541127154
34438.9429500103,111.87476261894332,46.80881506090245,0.2411225339056246,57.28552972486605,0.5101099934858393,54.45401258667465
34537.77836346626,111.73809584838865,36.46822457720431,0.19488986158057497,54.52842832679396,0.40610724048490965,46.21589107057004
34636.60485672951,111.51538068900828,46.669374322741845,0.2458692865607097,52.74688731369615,0.5133091612764605,54.688330333313054
34734.80610013008,111.46348612773126,32.96240179439339,0.17778581660182086,53.70333601553183,0.36804227112039245,48.93576183545517
34833.380435705185,110.82133422898819,41.70938067114103,0.2263021402771689,51.58505825023498,0.46799454970760845,51.45323643673494
34931.47061872482,110.57767073926144,44.26164354174291,0.2452673043903944,48.49003669807544,0.5029294590804196,51.640267969539224
35029.776634693146,111.1522998207723,44.96337860968943,0.23993506787123953,52.41637462650765,0.4987409276228888,58.48626949687895
35128.16750216484,111.08360759068776,34.079830578930924,0.18658195541531672,54.06571056473004,0.38571171336990895,51.53300589956229
35226.53843188286,110.39357237889986,40.71823196365074,0.22453701292355932,54.88078134421865,0.4625420053801086,52.84268237603938
35324.73546409607,110.12319688716366,41.912024670620966,0.23589587252155553,56.050421744863826,0.4828260242793685,52.838360629537334
35423.52653884888,110.34952633904719,49.666325869458674,0.2718145124171993,54.65778016334788,0.5623872031048955,58.319285927260566
35522.121624946594,110.36042918339852,44.59833954953125,0.2554772626972379,46.3918827059876,0.5171725697723585,55.487160557839815
35620.08568954468,109.82103759295683,40.843887074424444,0.23807969510544197,51.44595812429428,0.4816698602198918,49.44096289661675
35718.02617788315,110.05197540211172,38.78414130679195,0.23715200872254316,50.96074987318761,0.4731343265183934,44.91830959648564
35817.963915109634,109.6425128613274,54.43305770338037,0.31203190343741494,48.74872120989757,0.6330823332128647,55.55740929275519
35916.7757794857,110.2029777221364,64.6096712656051,0.37475687744846403,46.090226532481324,0.7567676431343424,57.56961098935163
36014.88572096825,109.7706374028459,48.319810405223365,0.2800523940811454,54.42786888128103,0.5679257371553319,57.01700375206464
36113.56753063202,109.89866222246206,49.47170273971186,0.27967248832786495,59.74041734348624,0.5739838934165823,53.78204844145398
36211.84801650047,109.42153312815866,44.32586716788572,0.26647842897216983,53.50757475818128,0.5334079362087201,49.1350280777106
36312.59376502037,109.93692512061749,41.65563781709923,0.2638103872496551,52.93247205559797,0.5189183027606323,44.54289915293563
36411.19590091705,108.94389734205303,53.045705365629345,0.3146300914480594,51.097794381992344,0.6332018798059877,53.134620354703145
36509.80241918564,108.7303838494782,58.61254571313353,0.35399720091131137,48.62148070055662,0.7083898075692974,53.282750217286036
36609.61661148071,109.31201070642965,49.14236448590711,0.3005833606751285,42.96022412619807,0.5958063763298601,51.9912132531193
36710.57903623581,108.87810549092292,61.08957111578759,0.36717762012542604,47.86038974615154,0.7337750159705377,57.35239894055755
36810.38325071335,109.44285406349123,58.72155206921434,0.36005501156743486,42.25148733511301,0.7138588505611803,49.910516160506845
36909.816104888916,108.27655004487717,54.323702517390956,0.34728474546317323,45.331741456582634,0.6810128614429737,49.11135336691695
37009.80604124069,108.24699681916617,54.26902492439626,0.3649111664760524,43.62325157992515,0.7049781255580283,45.888325403997825
37109.50800704956,109.4406919922778,48.254197293629744,0.30120409929660036,52.377681029292035,0.5966840540933973,53.14937019656166
37209.493444919586,108.79765203846243,50.871035987525886,0.31591682736430904,49.846132605747286,0.625977753210343,52.33965668754795
37309.93189787865,108.55345699720226,65.26794972281442,0.414556041248721,39.65701674525019,0.8141628952465065,55.20670972329286
37408.7081489563,108.49542623518393,66.90168649955598,0.4260401817751994,48.883084424854246,0.8391070626920251,53.636723135953574
37506.41294884682,108.0177976461411,57.27932602318285,0.38299094698481134,44.39199667638185,0.743271241739942,46.789267126673764
37605.76612877846,108.72677478520887,55.37420347688047,0.390897610414504,42.657800141497006,0.7480193546246439,41.50770121973187
37711.67745566368,109.43490431844286,70.06117716570733,0.4610813875941291,40.22459944503994,0.8979858999119767,49.58185355533367
37821.844677209854,108.2561674128888,55.66857128207125,0.3522079674217641,47.44074931557045,0.6939797898857514,51.650205904494385
37924.14254260063,107.7459730077213,61.142077667674755,0.42228532065130786,40.97695879623613,0.809809838479604,47.98574230047892
38022.97923398018,107.99688085200656,62.406843644945354,0.4564293805213062,37.15469784407588,0.8605198539347572,45.33723834207535
38121.313167095184,109.0454809569996,52.836324835938,0.3648181920749329,50.46939957193695,0.7022955280956336,43.17339582534652
38220.02326965332,107.98013249015013,62.160043501095316,0.40212157895527395,42.36011245192188,0.7861960534587883,52.19838124880627
38317.918508052826,109.43108712520416,49.30593085981219,0.3437666104204844,38.63414310315994,0.6561869569568205,44.16804565782691
38416.337475299835,108.02438862329677,62.50274758962003,0.4054717889365207,46.32084909443067,0.793377036258224,51.26955376642191
38515.84076952934,108.22592841857627,63.272716600316436,0.4389043533798225,39.628518123987824,0.8410731283120831,46.002302034057095
38614.81189465523,107.84883557530426,68.27373962835948,0.45579842908704216,41.84812247725819,0.8845127937414281,51.80977318657736
38713.893354177475,108.09170767021118,61.27045716365652,0.38856287246615984,46.73069767450365,0.7657936571591115,54.0187850175262
38812.966327905655,107.88031164018943,61.7710220228215,0.4011482426945755,44.95515278687469,0.7846135249473544,52.014664271658916
38911.3838634491,107.7550238709568,61.74773594763353,0.4202660184126835,39.49208818103841,0.8099843446886226,49.04957748725619
39010.41371870041,107.78691715255661,68.758521483851,0.45765688893554196,39.46097720094987,0.886775380386377,54.4339882712373
39109.4411816597,107.5519996302249,66.5171951990408,0.46074038095718656,40.333207325021036,0.8840822994385661,49.9191169580772
39208.393201351166,107.59725059876216,68.69577104801354,0.49004978195814297,39.31975476157061,0.9330254224284549,48.77948481271267
39306.97141933441,107.85268579879666,68.8046859478023,0.4855505725229293,35.88938880532676,0.9254523377464846,49.26461500979187
39405.7121887207,107.6652552756374,67.0462699665571,0.4644499900658408,38.15582980071375,0.890242634546702,49.95212732525863
39504.372747421265,107.81308768640508,61.810980477543396,0.4343610105219823,37.51950204432549,0.8278450052745205,48.726447750345926
39603.22922682762,107.65364935168617,63.42667026524742,0.43972036516324725,38.601657152558666,0.8420119523912475,49.49727910940378
39701.99751329422,108.12980618008928,59.19345813461045,0.42532794116456446,39.56291930127732,0.8076770474315197,44.127549000952584
39800.50470376015,107.63454651707629,66.36725564654085,0.44957465199279756,39.48646272603173,0.8670007971476628,51.857378453666115
39899.08841276169,107.52176177344491,68.05205155039086,0.4744422651194685,39.52955813918611,0.9072746641128902,50.63508017149766
39997.62969517708,107.51710879593443,71.20420935176952,0.501530388472861,39.54829311825995,0.9559198238250239,51.4278315136184
40097.55867624283,107.57423813784294,72.6825625039875,0.5041209900094654,37.47322125279793,0.965893164460077,53.075751043530744
40196.43431162834,107.44068613637545,69.03288722007733,0.4778247205723822,40.02130682915397,0.9157205803583288,52.35881550605987
40295.322356939316,107.42637858887414,70.02619584683742,0.48451208582565275,40.95404534337408,0.9284595532641422,53.5621595964605
40393.98456168175,107.61159372930125,75.292297154023,0.5204710337399381,40.51643475363522,0.9985303028629415,54.439615916737424
40493.48237371445,107.56409817566514,75.92172837572244,0.538975299609244,40.04361799120355,1.0261532603926378,53.11241155770361
40592.49854469299,107.46528793056854,67.24845935692008,0.47548062420982573,38.8245192586274,0.9056729376892372,49.99929235101877
40694.73578333855,107.61400679426023,67.6845527481286,0.4803745216204425,42.40825196179648,0.9142219853837659,50.13257374722065
40793.84732747078,107.4661899969996,71.43306006502277,0.4981843729122097,38.70697893004757,0.9529753696909993,52.33995671945322
40892.80938053131,107.69082917266489,62.6499195521138,0.4292038413418503,39.30319959892847,0.8246907331705495,49.78693129774763
40991.774930000305,107.4636613222627,72.60377616982028,0.5115324350423955,39.85851339313478,0.9757876285871157,52.281041492714614
41090.84997677803,107.34655714857817,74.48908511710724,0.5277555816279913,38.82373269235647,1.003443825784041,53.924995711229
41189.88459467888,107.29270995037378,78.47503007614046,0.5612631819633936,38.06899537602419,1.0631245889567789,55.92793508780491
41288.86238050461,107.30371705322145,72.71039925412688,0.51085869150853,39.01692780222325,0.9744882074502854,54.216322585362406
41388.170495033264,107.33044175098865,72.9924842165153,0.5192744345077094,39.98222153930591,0.9860377966880243,54.054743725891264
41486.95466017723,107.43105395932531,79.47469486845606,0.5594957073292468,40.32776212299748,1.0654861722893016,58.017588644274696
41586.68243455887,107.3541615374471,76.86774553501017,0.5426292054114175,39.48146748043518,1.0312508988722975,58.03045836320289
41686.03025841713,107.36972247330196,68.95404710299604,0.4879193323574347,38.67370089354757,0.9278582458033096,52.29905909921409
41785.35500574112,107.16305733195128,77.97368662707811,0.5642658524737415,37.13527989324035,1.064644341844136,56.24924794812972
41884.13147974014,107.04821758585751,81.94743201719845,0.604142735797786,35.22589716817349,1.1327367361341327,57.59279212396433
41983.248067379,107.26253691648294,84.24318933660047,0.6073479673180999,38.036502852917245,1.147197045437298,59.62984165527622
42082.408710479736,107.25675474928654,79.27966842522248,0.5785255990267899,36.650750415022465,1.0901828509943101,54.53819570811677
42181.72002005577,107.23519772721347,85.66980342720021,0.6255808357381303,34.81740790643835,1.1770539749010978,58.7072911383186
42280.50849533081,107.20130407881042,91.13565005881796,0.67988543642915,34.10289368520705,1.2696298711191614,60.342099700029905
42379.395373106,107.08261480829275,90.43526722987536,0.6769298477605891,33.46438543507925,1.263595602477621,60.39615304247741
42478.20625138283,107.29763693362955,87.14393912672534,0.6586778145828782,31.66803099105099,1.2260825688132313,57.00077102988658
42576.72943973541,107.15622950949776,84.96837678413169,0.6201804291342945,36.44438488745068,1.1669184262812813,58.97257399892881
42675.812443733215,107.28189082357642,94.382943381667,0.7041621149171899,32.97123721791706,1.3137909933710077,63.866168293370855
42774.35832643509,107.15448546122344,83.05548716433361,0.6099347279993899,35.73087211574611,1.1460848865884845,56.87018885443029
42873.320224523544,106.9899939221672,86.94708187454262,0.6508484351103536,35.16996541022429,1.2145322341391747,58.96223194961369
42972.122470378876,106.94144373500207,87.58572109821381,0.6634822347964653,35.34624416211727,1.2332713637582131,59.089702355261224
43071.270673274994,107.0564313840489,80.06126365868323,0.5899825537662602,36.38181982221968,1.1074129349767317,56.826464449994916
43170.34853601456,106.90818253942226,84.26569168319008,0.6376084109139015,34.015302593883646,1.1863221832927922,57.33754633152246
43269.643382787704,106.86185891432984,83.91434913271928,0.646322401803705,32.80076144710013,1.1960240617985476,56.5200324978193
43368.99372506142,106.80029621371551,86.52212609034245,0.6624091815705324,33.55677109812983,1.2271313930696137,59.299868933376565
43468.19282960892,106.7170932980615,88.25544555334687,0.6886464083561037,32.469720589321696,1.267654646310178,60.514708972849704
43567.27351665497,107.23385566146985,78.2704173541893,0.6001006860475392,35.42539184049366,1.1112442947135002,55.821327117478376
43668.668496370316,106.91402696035006,87.39405476095385,0.6577225573323267,33.95463703643286,1.2255077755365908,59.25244656122765
43768.026881694794,106.6866280527713,91.57753736628968,0.7141439814682946,31.5370843390385,1.3146648984383336,60.36140855445396
43867.412846803665,106.9238977699493,97.33567422009287,0.7762246953193119,29.11471659744791,1.4182908801691347,62.12888060668348
43967.65624380112,106.48544132877035,93.54341114741095,0.7439842977049722,31.2174818614307,1.3621123622026126,60.702527452680414
44066.835832834244,106.371134981652,99.34140071251721,0.8139050786585655,29.213274208059303,1.4768001752368525,62.25739511703847
44166.601190805435,106.68366365178115,92.60739391211695,0.744813936251133,28.643946885863713,1.3589892591699884,60.47269432609441
44265.70091128349,106.39445697580643,94.88439590984214,0.7854101652827943,27.91127795132047,1.4201454408449692,60.79804922607466
44364.80314040184,107.1385470733228,102.75212024892588,0.8524454262030512,27.109360142341345,1.5392777062015814,65.24166998078518
44463.79177045822,106.64237286846169,88.62379191177092,0.6978531579035416,31.377911120910433,1.281837472899306,58.70044186856077
44562.85305714607,107.07436700862867,98.55836237166787,0.8138041194696279,27.00367721275527,1.4733202523256015,60.521286664039195
44662.25825357437,106.55166079700388,90.83117475792713,0.7199358361344848,31.103209745180088,1.319071047814034,60.51635339564707
44761.35465049744,106.32543668809654,94.93772551538007,0.7906232882239133,27.76276362549509,1.4280724599477264,60.73656501891219
44859.705840826035,106.40575603927552,96.61781958992526,0.8288629416017228,25.87560326872338,1.4847762407024225,60.92414325114129
44958.26832532883,106.24687283846475,94.84000161085802,0.7782770742301868,30.30342777452244,1.4113813795271666,60.73082752439886
45057.30698275566,106.25648002568121,95.95630546022858,0.7950086432197137,31.133168218851807,1.4375774397057555,60.85989412355107
45156.73670363426,106.34649906304308,101.3100874908389,0.8574074191084362,27.139670200920527,1.5403507284489935,63.31523424426774
45256.032935380936,106.80274682855332,103.2942697378474,0.8903133740670734,25.82895575894704,1.5916290257882493,62.618875056629705
45355.33382320404,106.35783371354832,93.94694850290719,0.7625302206176319,29.784646248621826,1.3872105423075878,61.04198381089273
45455.5077559948,106.14500478526128,98.86606962315841,0.8156870670526992,29.770234871727197,1.4773806733423616,62.43475306012936
45555.30031108856,106.15747591242587,100.85690647981653,0.8308255179376518,30.699713331930553,1.5059982895910577,63.253104977156724
45655.38069820404,106.22704320101792,94.21893238473982,0.7879049490345815,28.691022880455535,1.420958138192682,61.04635034640188
45755.570566892624,105.98122415989508,99.7221781470829,0.8494296984422949,27.68220149262649,1.5240468094759843,62.26350826675129
45854.555260419846,105.96062982422002,102.60979296917077,0.8928794373546265,26.630979114628815,1.5924649430601825,62.87427049468056
45954.01160645485,106.28981498354082,92.87892135048395,0.7687413072499667,30.1237011058111,1.391752309179054,59.81387233354141
46053.49154639244,106.06093587023241,98.42776165998436,0.8267726457449114,30.444982673362944,1.4895025173728524,62.023464484748644
46152.61874485016,106.00918963000261,102.70610194868061,0.8718671621168355,28.212557820067666,1.5649227514190438,63.82999403060231
46251.8643553257,105.93247449059682,103.89146182343555,0.8997674302912748,27.19648316957442,1.6067102298276819,64.15270544222624
46351.538303375244,106.71226436625224,108.41719192972431,0.9605126083218187,25.643010867100415,1.70437465497794,65.86364440113991
46451.072452783585,106.11848391564334,108.38154282503208,0.9348845479895576,28.211072179288884,1.6714343078161669,65.07972465855295
46550.46426010132,105.9284987458551,107.54059486736296,0.954781422346183,26.508195111041893,1.6926332264560093,64.74931058419489
46650.127120256424,106.93935916175865,111.87785748946521,1.0243285999929248,24.877175230699237,1.8002595030128337,65.90658934622765
46749.44169545174,105.9514513777041,97.68874248242162,0.843542691151975,27.38620697618142,1.5070591594381413,61.972173356028094
46848.514179229736,108.19651102197882,107.34691597644428,0.9583626115594464,23.928786203234736,1.696013606707571,65.00791707834418
46947.96265912056,105.83291905760098,100.65755023909934,0.8596701371985451,28.815933555830892,1.541130289706532,62.76957763314753
47047.16206073761,105.64205842278449,102.24915500391552,0.9083892852202062,26.402561350835306,1.611076387976375,62.777220973508605
47150.76890325546,105.5492073558957,102.020681531533,0.9266503467718916,25.497563116219126,1.6341532062550406,62.250834444961754
47250.10866904259,105.61300161708758,102.10981940837021,0.9008853737493214,27.530773656910284,1.6002095016131799,63.48357008954285
47349.10401010513,105.72627286745971,108.7993006654988,0.9731591929909114,26.83337246764922,1.7228754221052363,64.99022592160122
47448.221672058105,105.34936612962849,104.55971686131016,0.9462911589314666,26.87785199348614,1.6696904286267173,63.14470202715306
47547.76343202591,105.21299880405358,104.89384438024746,0.9695530232515628,26.718536405441995,1.701180528026235,62.64070031961646
47646.599089860916,105.70649055806084,99.85188362253658,0.89718580723871,27.65027656977871,1.58718635262648,61.70465277935304
47749.87418961525,105.15467535002588,106.41266160417509,1.0073033604024137,24.87627533056885,1.7571117145439366,63.25841578888258
47850.47634100914,105.54537509635888,109.29021728671299,1.0811199720043478,22.906446217937834,1.8651024269626388,63.50283486675009
47949.83687925339,106.12314951548612,97.3162555532461,0.9074719715746484,26.075997563918364,1.5890610991207126,60.34504344734145
48049.26244020462,105.4055542953695,105.92853938743562,0.9567373876368457,26.644028741716504,1.6894218413591053,63.82893030303628
48148.7201590538,105.83121083361303,108.69433490216798,1.007265989486104,24.856594330563986,1.7656443640925192,64.48032759906295
48247.611976623535,105.45337853700666,102.06249644244443,0.9247058528005585,26.95185600997503,1.63180085549299,62.39857148428052
48347.081886053085,105.05821521982124,106.41746992996403,1.0130946145959876,24.744530184658316,1.7652577566577432,62.267410846768186
48446.081194877625,105.13623373877135,108.57129519076096,1.0691992350193207,23.35140844853234,1.8477818841800246,61.65933122538084
48545.5873374939,105.00218731501901,108.26532316617363,1.0219073487030557,26.476527552725145,1.7837558721769633,63.50677705207184
48645.82384085655,104.96156731762181,111.38764398349394,1.0695358496686378,26.96600977097816,1.8585572051379247,64.13474835562687
48745.07351851463,105.07948708369058,111.95356727168203,1.0817838414216205,25.027896163370492,1.876810762796988,64.05351076129162
48844.95579743385,104.6284315542824,110.49753548038936,1.0997708880992434,24.689270400290624,1.8941453455060255,62.712984125837984
48944.63435316086,104.39959500747025,112.7820335268662,1.1712876383304422,23.711891229577688,1.9965070975794852,62.15501103723882
49044.04257082939,105.20040690670953,114.68750614622508,1.167649098516078,23.412104666219406,2.000517286660196,63.70693839630677
49143.29011273384,104.82819221759216,112.23909070473067,1.1181250796999491,24.238712601025057,1.9256830970017056,63.440378877134194
49242.35647273064,104.67318718441477,115.49926056251967,1.1742274490842408,24.999340649275037,2.012014653125602,63.162008162341316
49342.06483030319,104.50494826043855,111.37663221134778,1.1367244111300825,24.83629761083521,1.9463971610039965,62.010312150352135
49441.50125026703,104.6199007999148,118.8963944656193,1.2548655565693534,25.156370560018146,2.1304059288817423,63.693572586309145
49540.64000964165,104.95455212437696,116.92972060493949,1.2725562042569893,22.211035289314296,2.1458459698990877,61.64976476972336
49639.9699549675,104.51567075416271,115.54420144957811,1.2218011156099013,23.39977890973026,2.074023778708797,62.27101066619923
49738.82354474068,104.47898476183218,117.40031818164178,1.2654373885896593,24.602758982749485,2.138056350718143,61.87638696384205
49837.29085421562,104.18546007089269,114.90057137150161,1.2458189950075347,23.68349826788928,2.102141473631264,61.64050919923523
49936.36364746094,104.03789847786129,114.60122677599261,1.2816147679691814,23.02557707719641,2.147204883884095,60.879759717682205
50035.29652404785,104.17353510822932,109.78537039255127,1.1758805720823533,22.67415096401748,1.9904697798760647,59.983419627816644
50137.20051527023,104.57529452204192,110.83403098578174,1.1905767956307858,24.14049143602024,2.013430330515917,60.4909451325735
50241.64254426956,104.29067665146572,114.36665883362902,1.2139950356151226,23.584957041302754,2.0588754166605767,61.8259942827928
50343.41534161568,104.11764446178783,116.19761087292457,1.306561749904621,22.203436507102317,2.1860482504833496,60.677916501396865
50442.27674984932,104.3026756997783,109.69284197914368,1.1942985169710287,21.477246144929175,2.013585820675285,60.33245350292887
50541.36450266838,103.77271881131081,113.07545001483027,1.29765261868648,21.474255864241563,2.161966563052263,59.32480641580814
50640.258697748184,103.51190596750388,113.22215825881233,1.360835108864499,20.355438181573504,2.2446962957886516,57.9097041050928
50738.87261343002,104.19913573223921,117.57636807442026,1.3412563768032821,23.26017776354781,2.2373320300018102,60.17826419098367
50837.68328952789,103.54528963180461,114.1864349162514,1.3724643946344526,21.022555156072247,2.263425079353011,58.02563137439608
50938.18323493004,103.94821352812977,109.62075241219259,1.2576862605787602,20.452285390836977,2.095405685752259,58.81230833957018
51037.10941720009,103.75126389300371,117.34590290191812,1.4557843406982518,20.1495659610951,2.384242298228482,58.538708387438604
51140.20692014694,103.34745794279594,111.39297923314226,1.3847921991934364,19.79873219960737,2.26794144671925,56.988528268275076
51250.45177435875,103.26186025120356,108.99066341325107,1.4239074238378437,18.596380045859902,2.3088880448372002,55.143834151714174
51356.34565663338,103.40455239722759,110.74513798497759,1.4666562434763417,17.204912816978684,2.371458077699746,54.49231482560252
51458.438445568085,103.09318953445484,116.17536657789165,1.5741727440257949,18.4792554737948,2.533678232610577,54.8317687981275
51564.93331003189,104.16802905969288,119.4526736607412,1.7324159857493124,17.49274051527371,2.752814506039736,52.84149902740617
51666.72910571098,102.96210096677343,107.98200155855548,1.4234300252373204,18.113850708616553,2.3046159938871926,53.62259291453462
51767.016739845276,103.67829732182594,103.30005088687415,1.4072528675068545,17.095993082377277,2.2648028417165476,51.164535178082616
51867.470294475555,102.67387637034297,108.65969620114386,1.5271362235422674,16.077379734657132,2.441909578576336,52.37445454363259
51966.06732106209,103.85954784352766,105.89632684359006,1.6044721379961748,13.604792023949578,2.5311518281879986,49.54886612825085
52064.750782728195,102.04736632768669,107.79898803551552,1.6052859551833283,15.033273330389328,2.5395236752557686,50.276281988351755
52163.31316828728,102.77725480640572,105.0874029238671,1.7275113783427427,12.372190904797236,2.686937364989327,46.459570929981226
52262.253873348236,102.47597305783067,109.09754832956548,1.5549167052542798,17.3151429003484,2.479988132367084,52.007258132941715
52362.468826293945,102.34847881675276,110.89477686781774,1.6500692374593524,15.411180813262582,2.610998200241583,50.101108399321106
52461.85961985588,102.50331986775082,101.59783781914757,1.5301625146448246,14.301075521114797,2.4171359995206085,48.52090959338523
52560.61165881157,102.62432149248278,107.23753734272057,1.7235982291963001,13.141370211292344,2.6912062404973596,47.68941214851834
52659.4023771286,100.69622775575857,105.99097915676292,1.698476833152966,14.00343737590585,2.6536313205766255,47.06353356137466
52758.308065891266,99.78385781535302,104.65662063457248,1.784147137958315,12.966466196530213,2.7594921915767703,44.40807307024569
52857.05164933205,102.66335829379392,106.38077133192692,1.5262343910037406,16.869485293365784,2.431649039087366,50.436040325179846
52955.819756269455,101.58765118723561,107.02334584002216,1.6742572696481601,14.073398981810705,2.626316940144861,48.376069192683715
53054.534590005875,102.31560815390868,114.1906740638498,1.7773080075565495,15.61870936782169,2.7893916563138177,49.54660672003237
53153.3377661705,105.73684681845471,108.72821384714558,1.8415103378680024,11.92606857557741,2.8503009330460367,45.07599761531215
53252.14163541794,101.54490540626728,109.00521470896051,1.6265651134077106,15.967874319155651,2.572566332536822,50.27444300353432
53351.088181972504,100.47444053133512,106.17516044535043,1.7369561560422726,14.052708065020454,2.703918118089633,47.051481190618034
53449.8015666008,102.45936605809663,99.67305780191865,1.5935766453393654,13.218778989340848,2.491335246727724,46.607932658141024
53548.876021146774,101.36167300504987,110.56126999836701,1.7313751670022535,15.018726773201479,2.7148775539172942,48.81193820455954
53647.86169171333,99.96158890504823,107.1696566153935,1.816034382440157,13.798396403898074,2.8113447792503843,45.29251987630475
53746.474262714386,100.51825856590821,108.00382312103542,1.8037739130921233,14.648269721311646,2.798562650003501,45.95931294542122
53845.442371845245,99.37578036047567,105.62139761692707,1.922349589206338,12.225952544829095,2.9427117845982105,42.334887111325365
53946.33903026581,134.7302437142873,103.92948907091036,2.0702418271056517,10.354991657665813,3.1277845106289046,38.365109165220886
54045.12465238571,98.85201351267334,102.08939337494459,1.893929304493429,12.057990399434317,2.891534255490105,41.20657147300648
54145.588017463684,137.10247303530662,97.85345506323341,1.975206373239017,10.577622212550736,2.9798626062765114,37.40388810722993
54245.4428563118,99.5117312827317,102.2810683538398,1.8575927149640812,11.392335722573218,2.8450378015985396,42.15810014317891
54344.41578578949,135.02730651026084,102.55209419292052,1.9726650955826557,10.923748441885515,2.9961302069159705,39.10857947900644
54446.72174739838,99.79852462416085,105.26939388224295,1.7958833909273684,13.270468159236719,2.7769711402962174,45.065755762715135
54547.439685344696,98.87668793246688,100.79749292961725,1.8855264725796554,10.966888805143352,2.874954090173553,40.77683514788389
54648.87331986427,137.62959870115765,100.90899528171755,1.941534696753359,10.573385308167358,2.948520909078655,39.288031015541
54754.97392368317,99.36927828282103,104.1792942321116,1.832296217383866,12.596197446469379,2.8198585824918267,43.621324575921605
54858.465780973434,135.84153963804542,101.33083796840364,1.9725305814926326,10.729279770849534,2.9901464141641236,39.63101431028082
54957.85863041878,99.33709262961783,103.82517496803027,1.8312429988418943,12.407169590110044,2.817155747223609,43.21380838025448
55057.56335186958,99.15374595126289,104.32403289481252,1.8885451180379915,12.709343791821258,2.893447982392382,42.30327053217782
55156.56029868126,99.49467677654187,100.4647577428794,1.8102664553283963,12.069083468362244,2.77606847851038,42.113836932372344
55255.66399931908,99.03582141709803,104.33223764841514,1.8943288057368526,12.186735275712383,2.9010509580762527,42.27962456658711
55355.58399486542,136.06872450927426,101.96803849421633,1.9251328624920632,11.535053698419162,2.9313986308505346,40.29071946404231
55454.75710916519,99.09616256037549,103.62648029763778,1.8555053786609152,12.330911509456826,2.8477435945815035,42.78867329795178
55557.8100464344,136.70805230270528,102.24267989014064,1.9358910329616432,11.693578322517208,2.9463366050619104,40.52818162678837
55658.37399673462,99.05111369125574,103.42955119855786,1.8574050073718316,12.228771773211836,2.8494509616831842,42.542401691887946
55760.41804790497,99.17619916556997,101.38602928485653,1.8661328694990815,11.199175313362225,2.8524455616094575,41.53437193874906
55859.69673490524,98.9234258126047,103.58953199232351,1.8829420559032641,12.331801672206499,2.883197377196651,42.11104588382063
55959.297079086304,98.52276365796057,102.06880255990558,1.9101472797730976,11.577963660826526,2.912331462466394,40.777918207322635
56094.25014042854,135.57858605817583,101.28996369103947,1.937468230329189,11.201489736511377,2.9446253964088385,39.77254066200807
56194.702223300934,108.2772016793273,101.72143220352457,1.9293445600226877,11.419780152117394,2.935776295677998,40.31839641956036
56294.07769012451,98.86490350161681,103.00252144979953,1.8753898955345456,12.026523867938225,2.8710322951818874,41.98640037380605
56393.37903594971,98.61772937594735,100.28685927422106,1.8848451975767442,11.397732086507183,2.8721688341271836,40.46388386774877
56493.048481464386,98.47154914856326,99.70849584307169,1.8969932040797248,10.87903785573334,2.8856109977789988,39.9735977440865
56592.07099723816,98.59302923001505,97.76797776844575,1.9040187781679556,10.152655947496761,2.886817808070173,38.90487367421943
56691.982548713684,99.11021112460266,102.06493607115974,1.8989954800033604,12.208810343032482,2.8981170478442753,40.98651351850428
56792.53934597969,98.61906822200305,101.11435371500286,1.8888937244355817,11.277369189615634,2.8807448295912335,40.829254740538985
56891.73485708237,98.3588922199115,99.10464045705876,1.914533588608885,10.849513408908573,2.905923856599679,39.3140900392753
57010.59527206421,134.35627915335652,97.15569996068837,1.9341054351460545,10.261008179393745,2.923369637308575,37.977934872009925
57109.92770695686,98.6162728727377,98.8238673647594,1.9042358932961838,10.334656081202187,2.891177736735291,39.33692636658239
57209.1329638958,98.30927314622141,98.88271248460373,1.915408340898272,10.738192047655492,2.906140325491785,39.11731174946725
57321.0264441967,136.60621441336613,97.76689186940416,1.9286656491296172,10.468603476675419,2.9188380734420596,38.26134025393138
57421.524386167526,111.37160800498151,99.1485482095386,1.9316821250857212,10.354013135223266,2.9283049175016753,38.944053774944855
57520.7134783268,98.46044106485321,100.00228150805044,1.8965544294539884,11.136802348686203,2.8862028549708065,40.08392634454779
57620.29076051712,98.77239099900943,101.0829057763167,1.909218843829404,11.737947647521867,2.9073060621877738,40.36981126729739
57724.641922950745,98.40596635299092,99.38862696764872,1.9054816309294889,10.685478972782107,2.8952098180984116,39.59514759176114
57841.69915628433,98.67050778146243,96.76590034426778,1.9014411978150465,10.13764619267976,2.879303678709478,38.455711180332564
57948.82544827461,98.39616730244558,100.74307700599613,1.9079707592835848,11.217884293789835,2.904074516527165,40.19736645057512
58050.909452438354,137.0967146994922,99.54003952627144,1.9189862955899635,10.972110572995543,2.91340955089614,39.34953912616414
58151.06414294243,101.18666077334693,99.66638176387163,1.9024914769572845,10.902306035048891,2.892560636058284,39.817583089605904
58250.56683111191,98.33302692719549,98.99367647083125,1.9149709647535786,10.793852728282033,2.9060320910457316,39.215700894371274
58352.99591422081,132.74822940431957,99.81289474529993,1.9116895500909283,10.978038170722662,2.905107421009475,39.65733910002118
58452.481439352036,98.32097547069198,99.13566972612622,1.9104449859138803,10.7118355102188,2.9006750717950984,39.3562296706142
58553.303651571274,98.37842501286545,99.4424969963271,1.9059813851761302,10.937497198170847,2.8961715902312957,39.60061904700752
58655.31713581085,98.36363675351352,99.29560416383771,1.9062007724889984,10.808614951694416,2.895875661635392,39.54545474677687
58756.152873277664,98.3681476719903,98.48716919139048,1.909513029601416,10.617958803685973,2.8968504750702455,39.07678734327366
58856.412821531296,98.29287718241739,98.47543581838866,1.9166338522863282,10.530684418443839,2.9060578597840045,38.92397471479378
58958.68568110466,117.4721582354653,97.99190522941944,1.9219600858414276,10.327278028580334,2.911000994560359,38.58565254868691
59059.20524287224,99.57351491269952,99.42607027412456,1.9159505369350072,10.815313058831858,2.909061928830559,39.38668136713569
59158.60220503807,98.33880265443175,98.721894462074,1.9111224064348138,10.667297367472443,2.899903338510324,39.154260849239165
59258.21636343002,98.28153935872713,98.38815142097187,1.9212314476257506,10.568129877134623,2.911647813015385,38.7615364046174
59397.62162542343,136.32474271858416,97.93442504953896,1.9287467851941265,10.44788733985473,2.9195338887053808,38.36957723353767
59499.61699795723,133.6714530033444,98.8283639062947,1.9203534301563099,10.669780465221471,2.912317925942478,38.995640524306395
59599.213867902756,98.31796016978917,98.74851182312918,1.913430162365188,10.6679181419097,2.9030069853683624,39.11460576800597
59699.85024499893,98.28415131577218,98.45851603845665,1.915888550882189,10.492851269862946,2.9049791311361224,38.89376242862817
59800.81435632706,137.89744490802386,98.04566130809383,1.922591955709211,10.487274791783845,2.9120577741231655,38.56824675559082
59899.41966152191,98.3005664385579,98.86316762161812,1.913481728362713,10.655695330610062,2.903520747377115,39.15923394185835
59999.19845318794,98.25698460956633,98.47868153048645,1.9196274056569136,10.526303035573084,2.909931365353402,38.827721927740015
60116.127512931824,133.9821883834882,98.34376638416512,1.922726027302776,10.455495482404775,2.9133935553459214,38.68428000760704
60214.93566226959,100.43438207620156,98.18286848736497,1.9193368530272856,10.37127352499433,2.908314441174627,38.709180017587855
60315.48837637901,98.29052127908085,98.70775148529404,1.9163904689305253,10.6464624169902,2.9066838544124955,39.0152788164974
60459.222923994064,136.53799277844143,98.14024689582095,1.9224269617899699,10.450077076591818,2.9121992621034485,38.60967577505236
60558.64125871658,98.28740035558369,98.68243744016883,1.9157180367195272,10.6042907671055,2.9056903760586987,39.02184440015685
60659.38291978836,136.8239861660348,98.61077934776247,1.9189085116396343,10.604530528222705,2.909515156206437,38.88408287626216
60759.11044168472,98.28375200962653,98.50927170073211,1.9172025171246547,10.549145945888554,2.9069221838896127,38.914001755160875
60858.173245191574,98.26449952245076,98.2990717670323,1.9194767142730882,10.449825941235684,2.908984493368793,38.752267950023935
60959.305772304535,137.25923204342766,98.17103954290295,1.9216526175055109,10.430211660772457,2.911295618646628,38.63787178631131
61062.71531200409,98.27826320415343,98.55458796585236,1.9172016819160231,10.56077099052224,2.907091686705681,38.925851246695466
61181.03401565552,98.27210570444237,98.43338971557338,1.9220073557563828,10.56881904627873,2.9128518857970276,38.7787892850669
61323.671260118484,136.3258309959775,98.35228125923445,1.9226153249666083,10.52039361040919,2.913280713806503,38.70446497049661
61455.50783228874,98.27473433042456,98.4700240903577,1.918555719085143,10.541957862018712,2.9085118163688355,38.86161755899481
61589.460156440735,98.27266059966826,98.50615060674903,1.9175161030492693,10.490940873116756,2.9073006860221096,38.896962782791036
61731.55561566353,106.63182291807463,98.3203391182272,1.9216716372122957,10.470367712766947,2.911940412058386,38.72109255515121
61866.96956682205,98.27108918103109,98.49602575394607,1.9183191707400913,10.538170171083417,2.9083038680438573,38.874661573809405
61998.89006853104,98.25302171182686,98.41530365915719,1.9202229807051556,10.487665764896352,2.9104371030652407,38.790543848777716
62133.19982624054,98.24362614600393,98.38794344355694,1.9210566115151622,10.46051971633517,2.9113997464134425,38.75500699366917
62277.466361284256,98.04229716524219,98.33189427748903,1.9226788001273862,10.526514291085682,2.9132878575684984,38.69841630933273
62416.6124625206,97.99909482061007,98.244766112859,1.9252601486664447,10.544301000070146,2.916281443341692,38.59914307260357
62549.1630821228,98.25431638291715,98.32920572757891,1.9194886645842972,10.43882889944027,2.9091084808114474,38.74473132207155
62684.03814840317,98.98799677101324,98.19984167865937,1.9236446471382718,10.429741265978324,2.913978343671654,38.59688693263389
62823.471153736115,98.26103350970233,98.4219797351244,1.9196505398396364,10.511062944807144,2.9097224869508063,38.80521791351553
62953.30430817604,98.1540946149213,98.44595885280998,1.9225566338318933,10.542580297254641,2.913592915779523,38.74046054181599
63066.63109445572,102.14787752970331,98.33264253179213,1.9235452458622482,10.493950234662183,2.914403093728996,38.6616076296446
63181.48411655426,98.25391894114216,98.39964543429133,1.9206242163452893,10.506784767270904,2.910892638645354,38.7693153425478
63324.23304152489,135.01331718707272,98.244326297952,1.923967104320321,10.470902836575368,2.9145787246431816,38.61574098134322
63425.15915226936,98.25156301331259,98.42009272235285,1.9207123303227656,10.512452985823655,2.911093205175847,38.77472669114081
63545.265776872635,137.0588371298632,98.4301568987691,1.924595311688325,10.587826607261537,2.916195498930896,38.71072973463938
63658.81116247177,136.37870539088416,98.35444352037646,1.9207653263603042,10.476078326395587,2.9108802353413097,38.736230925213505
63761.05629372597,99.0639340583348,98.34536248283449,1.923908391249169,10.543440648662393,2.9149371795606074,38.66980180720978
63860.82048201561,98.24157981462542,98.31635477820797,1.9231583800908034,10.502410358202658,2.913840594877567,38.67707503313637
63962.005517721176,137.05397613159295,98.33242941760592,1.9229862394946051,10.5283769929469,2.9136873242587695,38.68693488187219
64063.18531727791,113.67966478994958,98.32220577357516,1.922942182505867,10.525542883670525,2.913587040993523,38.68422920757568
64164.09611201286,137.30494278118138,98.28698592021895,1.922374406625371,10.491564949755208,2.9126949620765696,38.671937197337556
64266.478076696396,99.68550396448335,98.33746150581403,1.9249277301773848,10.566063803665841,2.9162384711362934,38.65493640362148
64369.13982772827,100.77405191858571,98.29403084371033,1.925092493581262,10.544326484761726,2.9162665677051036,38.62713932778655
64470.028750896454,137.36205536688632,98.29298451579517,1.9259966750001583,10.55467403447458,2.917438661654983,38.607009050167406
64589.16504955292,134.0201366009264,98.31490045913017,1.9237058056294398,10.532825671371539,2.914549946158888,38.664924168223614
64690.68253517151,138.05517632825305,98.28056044553348,1.9242092643786242,10.523355679136401,2.9150610191096296,38.638109052869964
64809.75533080101,134.02264253639999,98.29506429784675,1.9245842699578068,10.54387082436627,2.9156093114511497,38.63447243990667
64911.217750787735,99.08047585509844,98.29111380933651,1.9250939394219149,10.555182401867993,2.9162599572389927,38.62703973811252
65023.77745652199,136.07861006069825,98.26939847828467,1.9251763211238533,10.544313742415936,2.9162740055233978,38.61314120019506
65128.66537356377,100.16792417330883,98.28348594321707,1.9241011655861557,10.534921941870335,2.9149342421676074,38.641686140089625
65229.68718004227,98.47641588905888,98.27297101108412,1.925477073523846,10.565680285099873,2.916682564779506,38.60808398349302
65331.28209447861,100.28198593470013,98.28556199145271,1.9246303177386137,10.553268838893912,2.9156330020681813,38.6310289494871
65431.96315264702,106.18755462576479,98.25609524933301,1.9252407880169835,10.557470962754635,2.9163071723872425,38.60832031360766
65550.61990213394,134.04180314946865,98.26583751146146,1.9250766585021895,10.554070928157545,2.9161327071532197,38.61485834518242
65674.47505259514,134.64296233162378,98.25886856197155,1.9253686110951453,10.55499064258501,2.916482004060599,38.60361352804829
65774.6477484703,106.05737443116162,98.26793996109775,1.9251770440441798,10.549741700969069,2.916270700290342,38.61309140535805
65876.3796107769,112.5429825260623,98.26412602803804,1.9246806571263002,10.53961147097024,2.9156078427546497,38.6204146063466
65978.82691168785,109.25451464439081,98.26516405215585,1.9249452332025292,10.548784919482028,2.915957222704937,38.615086011045335
66078.56917977333,136.75138581350086,98.26991520535287,1.9249222093121259,10.544085912218208,2.9159453773964206,38.61680775625512
66180.04784989357,110.36269972693484,98.25043068109599,1.925250468341714,10.550885981412389,2.916294307864468,38.60373169310562
66315.95539522171,141.8477126814807,98.25810217212708,1.924756809457322,10.538339386576537,2.915682602721837,38.61697318733538
66418.76666736603,137.75851195697143,98.25867696451044,1.9252156606856894,10.550827828582891,2.9162821537259087,38.606953442870065
66520.48427271843,110.2030484131943,98.25635303697837,1.9252185963553123,10.547021350519607,2.916276071816017,38.60611723898081
66622.72176909447,137.2294689059218,98.25496508250743,1.9251026909344868,10.546542959776087,2.9161193330233144,38.60711454182445
66741.57089805603,134.0425286857421,98.2475983969775,1.9252553085040793,10.547593490741267,2.91628787560308,38.6014373828546
66860.3158736229,134.03752876012405,98.25444607044852,1.9249704028963723,10.541956235520193,2.915944643048171,38.609778839475084
66978.4138917923,134.04074492377737,98.25181733741528,1.925314379880795,10.549645821327577,2.9163817237011456,38.60137830032593
67097.39161157608,134.04061795852047,98.24702729936405,1.9253048435867148,10.54566419949543,2.9163493699807286,38.60002739187154
67197.40298104286,99.12203557614698,98.25416554584861,1.9251720400501762,10.543841952031912,2.916205425152022,38.60514055444817
67298.1537809372,108.34864467166709,98.25088588878415,1.9250560327412134,10.539468073727338,2.916041057634307,38.606704538625735
67409.65259361267,136.70475881677316,98.2572193626034,1.924966044697093,10.540971245252248,2.915950086416155,38.61072630578182
67511.661090374,110.64902208382158,98.24957531517389,1.9252201438643093,10.544490960934635,2.916249549089585,38.60270212034911
67611.8565955162,137.09657983351173,98.24785228940905,1.9254003817746108,10.545693099393262,2.916476775765278,38.598144170527874
67713.6536693573,133.92989784362885,98.25279762518866,1.925077897615932,10.54289045148846,2.916077676227448,38.60687017223828
67830.6850938797,134.03852995069417,98.24950073466891,1.9252928870550512,10.544758883424993,2.916343742586001,38.601052837764676
67947.98512649536,134.03800738222364,98.25197340255872,1.9251316449757119,10.543357559472593,2.916144192817086,38.60541583861988
68049.27674436569,100.09992374582157,98.2494658293538,1.9252160943583103,10.544071476051029,2.916243434246857,38.60214181352587
68149.53347015381,133.93169166939728,98.24782600082158,1.925158090703829,10.541884536898742,2.9161612504879995,38.60292380561465
68261.83794569969,136.7740794884711,98.25055957491868,1.9252393725108785,10.545661175294876,2.9162787575788545,38.602630155792184
68362.41903114319,137.93757078857496,98.24717071401645,1.925240146265377,10.54439598050239,2.9162654962156385,38.60092259647634
68463.30424141884,133.93206889052027,98.24878186902383,1.9251690231411884,10.543595725779303,2.91617955978457,38.60300662242092
68563.49911212921,99.1207184808165,98.2493890407743,1.9251769454868837,10.543409585135247,2.9161922819603507,38.603015591506534
68663.82891392708,109.61565030836246,98.24553196621433,1.9251527484317839,10.541243754278911,2.9161444303497333,38.60146220647644
68788.27710843086,134.84861920907665,98.24600971098538,1.925216587917712,10.542368415194327,2.916229576370083,38.60046797346989
68909.12304544449,134.0390778865113,98.24808882951422,1.9251809143353193,10.54328889813306,2.916192063930948,38.60237196018316
69024.13233399391,136.35368279046972,98.24707757681665,1.925218547076664,10.543855292602696,2.9162368626510213,38.60107933205505
69125.85717582703,98.60291160887466,98.2471159711064,1.9252381215123775,10.544186238060586,2.9162624387942744,38.600642443064714
69245.75695633888,134.03674012936784,98.24514903953667,1.9252064485491143,10.54277237717453,2.916212936845713,38.600302639540004
69352.8049030304,137.1937308247514,98.2462960568403,1.9252091196851369,10.543092768484444,2.9162213469148455,38.60103343910911
69457.76035761833,126.965521540536,98.24677399094142,1.9252145859038166,10.543948362924723,2.916230501563131,38.601074847512244
69576.07950472832,134.0400978845295,98.24605701966374,1.92524602099823,10.544532539848626,2.916268326363488,38.59986349480112
69678.0133843422,138.634847024814,98.24486727682623,1.9252475831753295,10.544040914628749,2.9162653961122977,38.59933126695361
69778.4600353241,98.20090036388164,98.24652500181904,1.9252258061013303,10.54390169810921,2.91624399601634,38.600642315779695
69880.93929004669,110.71310511662489,98.24607502684128,1.9252120232950027,10.543111330687053,2.916224200260973,38.600858632598964
69981.98195838928,121.90242286693409,98.2473534018902,1.9252538256424747,10.545007074766158,2.916284095144852,38.600641885083675
70083.51911616325,137.54198613767483,98.24596021486497,1.925261384183235,10.544254573752536,2.9162879678601223,38.59969649213999
70183.91231536865,98.17562082994414,98.2465705469223,1.9252262854736713,10.544024915631677,2.9162448681373787,38.60073025866918
70285.21166849136,111.52221343118661,98.24506766192903,1.9252111283770563,10.542802998257311,2.916218683475412,38.60016480400279
70386.68834376335,108.5332299482894,98.24563909691933,1.925221802693411,10.543354017384523,2.9162350363927723,38.60028407427301
70504.91442656517,134.04014503991294,98.24617166500914,1.9252568424838914,10.544795817015403,2.9162829128120107,38.59971823315711
70640.17891216278,136.01568110637263,98.24609918638325,1.925223228092225,10.54353245226914,2.9162388783987323,38.6005735327385
70758.85473394394,134.04019593089163,98.24566832989065,1.925243217070058,10.544162957850912,2.9162631557395353,38.59993666563638
70860.82036590576,133.93249851718957,98.24564555733902,1.9252429773838875,10.544101349089678,2.916262719679016,38.59989269419163
70963.85964488983,98.16667393747832,98.24594104198269,1.9252491350894112,10.544243619065366,2.916271941067983,38.59989275783414
71088.48199415207,134.41089686346984,98.24520260488916,1.9252409756799278,10.543827508727334,2.916258239867232,38.599713573438294
71202.62768959999,136.68501650740043,98.24542056985014,1.9252360859807238,10.543706165378598,2.9162528218013324,38.60000085260127
71304.29169893265,99.21699938299959,98.24546888893407,1.925258495575168,10.544548408542777,2.9162821780768504,38.59943065288034
71404.41622304916,99.5176750441206,98.24579336751299,1.92526061383406,10.544715425120215,2.9162863352947985,38.59960476382014
71507.42404556274,119.28959770739364,98.24537765756044,1.92526533114953,10.544600962904362,2.9162906912446,38.599248910895554
71608.84255695343,97.99887378643983,98.24529327020063,1.9252745123419581,10.544862417191469,2.9163023159313526,38.59903536902187
71710.88460969925,116.65810362589664,98.24511712663147,1.9252902798209934,10.545242951242365,2.916322114057521,38.598606706436996
71833.91791057587,134.04034332866104,98.24552741503531,1.925255831053287,10.544467385091629,2.916278994240471,38.599593735568476
71948.4384226799,101.23115982453956,98.24541509692915,1.9252629561254693,10.544567568451178,2.916287766993568,38.59933511706379
72061.50531339645,136.98526964478816,98.2454899756666,1.9252582060773478,10.544500779544812,2.916281918491503,38.59950752940024
72204.85381484032,134.04034488541467,98.24543381661351,1.925261768613439,10.544550871224587,2.9162863048680516,38.5993782201479
72335.80055189133,134.2746844216179,98.24502969152982,1.9252673305042014,10.544581708630808,2.916291879636522,38.599089220812715
72524.24414682388,57531.722431657676,98.24561715609167,1.9252618237156847,10.544553018128418,2.916287128499668,38.599464063428
72652.8812584877,134.0404182091039,98.24538107956735,1.925266503958563,10.544705412867124,2.9162922470041015,38.59923301095111
72782.19824504852,135.20701565619223,98.24554331885682,1.925267563088009,10.544788921155842,2.9162943256130758,38.599320066421
72882.29947733879,97.99910257720504,98.2453541835649,1.9252687342337138,10.544714992821323,2.91629504146246,38.599185243042825
72982.20899033546,97.99872120662562,98.2450234613961,1.925276033934893,10.544908362938209,2.9163031953593364,38.598881100671804
73107.52793908119,134.04085036581006,98.24472661404832,1.9252831390444975,10.545086035343104,2.91631122878917,38.598589619293705
73208.87563180923,97.9986065999012,98.2448893556467,1.9252736829013233,10.544720236623732,2.9162995461444323,38.59884951137913
73313.67851686478,137.9998519891654,98.24456237404166,1.9252767428079807,10.544685894357677,2.9163021564101097,38.5986142338582
73414.8877530098,97.99882354779501,98.24534684862047,1.925276456443979,10.544982860345932,2.9163050587241504,38.59898447321399
73530.61845827103,136.04924666874683,98.24498176820418,1.9252812639837833,10.544970135101142,2.9163098160445906,38.59874126798074
73630.88076853752,97.99901168821013,98.24528125172657,1.925270193964868,10.54477159342563,2.9162966392642238,38.599110075208515
73731.22723269463,97.99851529606985,98.2449794914713,1.925279617601095,10.544983195388664,2.916307660706938,38.598758968755305
73848.45157432556,134.04079189097837,98.24479214542447,1.9252850592847857,10.545117296672334,2.9163139703291776,38.598545831611546
73966.91219234467,134.04069141431796,98.2449317192075,1.9252819273244315,10.545011235569575,2.9163104714822596,38.59869369400832
74066.40089154243,97.9988592193431,98.2451938685968,1.925273127304759,10.544831503961616,2.9163000973187327,38.59900597990847
74190.00860595703,134.51648143084142,98.2448799400919,1.9252770549324616,10.544908046511795,2.9163039073700827,38.5987566445496
74289.75796699524,97.99879477313813,98.24518993767344,1.925275147989584,10.54487382452155,2.916302713791035,38.5989656879038
74391.36914157867,97.99851825932893,98.2449777693264,1.9252792482435912,10.54495588796562,2.916307172571624,38.598769916861144
74509.17337036133,134.040725371838,98.24467715758513,1.9252770358242157,10.544793742629178,2.916303056705196,38.59870560101447
74609.72559571266,97.99872638848404,98.24517942586164,1.9252766012890383,10.544935580916743,2.916304558219412,38.59891475516411
74710.99333119392,137.32995867303106,98.24482986380741,1.9252789255983924,10.544927481011635,2.916306139409663,38.5987040132288
74810.82456588745,97.99869980325366,98.24509991920694,1.925276092391786,10.544887238644073,2.916303570195692,38.598900269235045
74911.51719808578,97.99851366619549,98.24480857295737,1.9252772687400372,10.544846387707373,2.916303899771798,38.59874915159687
75012.66267800331,106.80685050907948,98.2446231465052,1.9252776024655365,10.544801791102689,2.916303570547991,38.59866634981326
75125.80670571327,136.09080209127703,98.24487858204739,1.92527833001624,10.544848815593575,2.916305544396858,38.598730026459194
75226.16606879234,97.99864847119196,98.24498724155893,1.92527660795523,10.54489347610205,2.9163037826187166,38.59884333211865
75327.71724677086,137.23282955447155,98.24475705317737,1.9252784777847247,10.544872434870904,2.916305254529711,38.598688083049396
75428.70949053764,97.99863081044234,98.24501420269954,1.9252766887400208,10.54488353770078,2.9163039912791966,38.59884722268863
75530.0311729908,97.99846749064204,98.24488051528158,1.9252779945351977,10.544862222052416,2.9163051255708794,38.59874657639379
75631.20388531685,105.512893837015,98.24482715214288,1.9252786878251813,10.5448465950276,2.9163057970469612,38.598698198531366
75765.51326346397,134.100050835404,98.24480007917381,1.925278436068477,10.54486363419434,2.9163053706270725,38.59870242730587
75866.52078175545,97.99857274537692,98.2449606718181,1.9252771255721348,10.54487856182417,2.9163043361161654,38.59881102384294
75968.35442876816,137.86980462668186,98.2449534526952,1.9252828189754991,10.545090265351565,2.91631173175053,38.598684743600884
76069.8255610466,97.9985685346791,98.24490537990883,1.9252759669198674,10.54481274380569,2.9163025925459567,38.59880831943457
76200.2179415226,135.52812843473387,98.24486001976008,1.9252789128437806,10.544905612943733,2.9163062443507135,38.59872214937373
76300.68312954903,97.99854831368974,98.2449355088036,1.9252775723900464,10.54488532460406,2.9163048131748024,38.59878880522564
76419.52864766121,134.04069919530036,98.24492736322728,1.9252807136841192,10.545000463281564,2.9163088761724603,38.598717048098536
76521.82418465614,97.99853512764547,98.24491087573844,1.9252771536109303,10.544859673674658,2.9163041634525824,38.59878550160056
